user_daily_id,user_id,date_id,rides_requested,rides_completed,total_spend,incentives_used
1,1,20240108,1,1,1.29,0
2,1,20240109,1,1,6.06,0
3,1,20240110,1,1,17.55,1
4,1,20240111,1,1,32.77,0
5,1,20240117,1,0,19.67,0
6,1,20240119,1,1,6.82,1
7,1,20240127,1,0,10.92,1
8,1,20240209,1,0,29.17,1
9,1,20240214,1,1,1.07,0
10,1,20240219,1,0,15.79,1
11,1,20240226,1,1,7.21,0
12,1,20240306,1,1,28.94,0
13,1,20240316,1,1,43.7,0
14,1,20240317,1,1,42.47,0
15,1,20240318,1,1,0.67,0
16,1,20240330,1,1,11.47,1
17,2,20240128,1,1,14.97,0
18,2,20240130,1,1,6.81,1
19,2,20240301,1,1,4.93,0
20,2,20240307,1,0,5.49,0
21,2,20240309,1,0,33.76,1
22,2,20240317,1,1,4.22,0
23,2,20240330,2,2,113.16,0
24,3,20240102,1,1,33.57,0
25,3,20240106,1,1,8.86,1
26,3,20240114,1,1,1.05,1
27,3,20240124,1,1,37.06,0
28,3,20240205,1,1,68.8,0
29,3,20240223,1,1,2.68,0
30,3,20240228,1,1,15.11,0
31,3,20240305,1,1,1.96,0
32,3,20240310,1,0,7.35,0
33,3,20240326,1,1,19.59,1
34,3,20240327,1,1,39.42,0
35,3,20240328,1,1,18.37,0
36,4,20240112,1,1,30.69,0
37,4,20240118,1,1,72.42,0
38,4,20240121,1,1,0.96,1
39,4,20240205,1,1,0.11,1
40,4,20240212,1,1,10.97,1
41,4,20240222,1,1,22.6,1
42,4,20240303,1,1,26.95,0
43,4,20240316,1,0,10.72,0
44,5,20240102,1,0,12.08,0
45,5,20240116,1,1,111.08,1
46,5,20240118,1,1,0.29,0
47,5,20240120,1,0,45.91,1
48,5,20240123,1,1,1.2,0
49,5,20240124,1,1,29.41,0
50,5,20240126,2,2,45.099999999999994,1
51,5,20240201,1,1,0.32,0
52,5,20240207,1,1,23.38,1
53,5,20240210,1,1,12.98,0
54,5,20240226,2,2,71.61,0
55,5,20240311,2,1,21.61,0
56,6,20240105,1,1,6.15,1
57,6,20240114,1,1,8.37,0
58,6,20240115,1,1,85.32,0
59,6,20240119,1,0,10.86,0
60,6,20240201,1,1,13.97,0
61,6,20240204,1,1,5.66,1
62,6,20240212,1,1,10.55,1
63,6,20240321,1,1,21.04,1
64,6,20240326,1,1,7.32,1
65,6,20240331,1,1,49.74,0
66,7,20240116,1,1,23.28,0
67,7,20240117,1,1,35.8,1
68,7,20240202,1,1,16.74,0
69,7,20240203,1,1,25.78,1
70,7,20240204,1,1,0.58,1
71,7,20240212,1,1,6.38,1
72,7,20240223,1,1,39.49,0
73,7,20240303,1,1,2.88,0
74,7,20240308,1,1,18.42,1
75,7,20240311,2,1,12.52,2
76,8,20240103,1,1,28.77,1
77,8,20240108,1,0,54.9,1
78,8,20240114,1,1,82.51,0
79,8,20240123,2,2,36.85,1
80,8,20240128,1,1,63.06,1
81,8,20240130,1,1,36.51,1
82,8,20240216,1,1,59.94,0
83,8,20240224,1,0,7.74,0
84,8,20240306,1,0,71.74,1
85,8,20240313,1,1,19.82,0
86,8,20240316,1,1,38.79,0
87,8,20240317,1,1,56.38,0
88,8,20240319,1,0,18.57,0
89,8,20240323,1,0,8.78,0
90,8,20240328,1,1,21.73,0
91,9,20240101,1,1,5.11,0
92,9,20240111,1,1,120.06,0
93,9,20240122,1,1,32.91,1
94,9,20240124,1,1,37.1,0
95,9,20240126,2,2,56.47,1
96,9,20240204,1,1,24.66,0
97,9,20240314,1,1,1.95,0
98,9,20240316,1,0,5.89,1
99,9,20240329,1,0,0.25,1
100,10,20240105,1,1,20.2,0
101,10,20240108,1,1,1.58,0
102,10,20240118,1,1,0.26,0
103,10,20240126,1,1,2.52,0
104,10,20240220,1,1,8.06,0
105,10,20240304,1,1,48.93,1
106,10,20240316,1,0,66.56,0
107,10,20240320,1,1,39.9,1
108,10,20240328,1,1,46.5,0
109,11,20240101,1,0,14.35,0
110,11,20240103,1,1,61.06,0
111,11,20240121,1,0,25.45,0
112,11,20240126,1,0,9.28,0
113,11,20240208,1,1,12.71,1
114,11,20240213,1,0,37.71,0
115,11,20240222,1,1,27.11,1
116,11,20240224,1,1,17.51,0
117,11,20240307,1,1,33.89,0
118,11,20240308,1,1,26.42,0
119,11,20240309,1,1,20.13,1
120,11,20240315,1,0,24.16,0
121,11,20240319,1,1,85.57,0
122,12,20240101,1,1,5.78,1
123,12,20240109,1,1,21.11,1
124,12,20240112,1,1,62.14,0
125,12,20240131,1,1,1.36,1
126,12,20240206,1,1,8.38,0
127,12,20240216,1,1,18.5,1
128,12,20240217,1,1,36.14,1
129,12,20240222,1,1,5.64,0
130,12,20240302,1,1,9.8,0
131,12,20240305,1,1,20.59,1
132,12,20240310,1,1,39.75,0
133,12,20240314,1,0,3.61,0
134,12,20240317,1,1,12.44,0
135,12,20240318,1,1,21.49,1
136,12,20240326,2,1,20.509999999999998,0
137,12,20240327,1,1,23.51,0
138,13,20240112,1,0,11.69,1
139,13,20240121,1,0,13.28,0
140,13,20240202,1,1,43.56,0
141,13,20240203,1,1,57.19,1
142,13,20240216,1,1,1.11,0
143,13,20240313,1,1,46.14,0
144,13,20240314,1,1,2.17,0
145,13,20240324,1,1,16.86,1
146,14,20240109,1,1,11.89,0
147,14,20240119,1,1,27.94,0
148,14,20240121,1,1,23.33,1
149,14,20240122,1,1,11.8,1
150,14,20240128,1,1,25.99,0
151,14,20240223,1,1,9.2,1
152,14,20240228,1,1,10.9,1
153,14,20240303,1,1,6.7,0
154,14,20240307,1,1,7.31,1
155,14,20240311,1,1,13.59,1
156,14,20240323,2,2,36.01,0
157,14,20240324,1,1,19.94,1
158,15,20240102,1,1,84.14,0
159,15,20240121,1,1,28.03,1
160,15,20240126,1,0,52.32,0
161,15,20240202,1,1,16.08,0
162,15,20240218,1,1,54.81,1
163,15,20240302,1,1,28.28,0
164,15,20240303,1,0,10.91,0
165,15,20240306,1,1,32.6,0
166,15,20240315,1,1,14.58,0
167,15,20240320,1,1,8.07,1
168,15,20240322,1,1,3.43,0
169,16,20240106,1,1,7.18,1
170,16,20240128,1,1,2.07,0
171,16,20240209,1,1,115.16,0
172,16,20240219,1,1,18.58,0
173,16,20240224,1,0,12.33,1
174,17,20240101,1,1,50.94,0
175,17,20240102,1,0,19.89,1
176,17,20240202,1,0,10.62,0
177,17,20240212,1,1,2.78,1
178,17,20240229,1,1,2.18,0
179,17,20240313,1,1,11.91,0
180,17,20240322,2,2,6.4399999999999995,1
181,17,20240323,1,1,8.99,0
182,17,20240324,1,0,40.03,0
183,17,20240325,1,1,54.42,0
184,18,20240104,1,1,19.15,0
185,18,20240105,1,1,3.79,1
186,18,20240122,1,0,8.65,1
187,18,20240303,1,0,55.2,0
188,18,20240310,1,1,62.45,1
189,18,20240320,1,1,47.12,1
190,19,20240101,1,1,5.58,1
191,19,20240106,1,1,113.31,1
192,19,20240117,1,1,23.56,1
193,19,20240126,1,1,59.94,1
194,19,20240316,2,2,16.189999999999998,0
195,19,20240318,1,0,17.82,0
196,19,20240319,1,1,53.37,1
197,19,20240321,1,0,6.57,0
198,19,20240331,1,1,7.28,0
199,20,20240111,1,1,1.22,0
200,20,20240125,1,0,10.27,1
201,20,20240201,1,1,7.93,0
202,20,20240203,1,1,5.61,1
203,20,20240301,1,1,7.8,0
204,20,20240318,1,0,25.78,0
205,20,20240322,1,1,25.46,0
206,20,20240324,1,1,17.83,1
207,21,20240113,1,0,25.32,1
208,21,20240117,1,1,6.37,0
209,21,20240207,1,1,20.36,0
210,21,20240208,1,1,1.52,1
211,21,20240210,1,1,7.91,0
212,21,20240313,1,1,6.92,1
213,21,20240314,1,1,0.59,0
214,21,20240322,1,1,0.65,1
215,22,20240127,1,1,16.06,0
216,22,20240201,1,1,1.66,0
217,22,20240304,1,1,35.02,1
218,22,20240313,1,1,5.34,1
219,22,20240320,1,0,19.17,0
220,22,20240322,1,1,36.9,1
221,23,20240109,1,1,23.76,1
222,23,20240115,1,1,10.28,0
223,23,20240217,1,1,23.89,0
224,23,20240222,1,1,20.5,0
225,23,20240303,1,1,9.6,0
226,23,20240312,1,1,18.52,0
227,24,20240114,1,1,42.57,0
228,24,20240201,1,1,115.62,0
229,24,20240228,1,1,24.53,1
230,24,20240317,1,1,54.07,1
231,24,20240329,1,1,3.24,1
232,25,20240104,1,0,9.88,0
233,25,20240115,1,0,81.06,0
234,25,20240119,1,1,26.56,1
235,25,20240125,1,1,16.32,0
236,25,20240126,1,1,8.19,0
237,25,20240202,1,0,54.93,0
238,25,20240213,1,0,0.69,0
239,25,20240219,1,1,27.48,0
240,25,20240227,1,1,21.14,1
241,25,20240305,1,1,18.25,1
242,25,20240313,1,0,2.48,0
243,25,20240320,1,0,32.68,0
244,25,20240330,1,1,12.4,1
245,26,20240102,1,1,39.94,0
246,26,20240103,1,1,41.56,0
247,26,20240109,1,1,25.3,0
248,26,20240114,1,1,11.52,1
249,26,20240115,1,1,0.53,1
250,26,20240121,1,1,23.18,1
251,26,20240123,1,1,32.42,0
252,26,20240126,1,1,8.08,0
253,26,20240210,1,0,1.42,0
254,26,20240214,1,1,13.1,0
255,26,20240215,1,1,58.0,1
256,26,20240223,1,1,31.89,1
257,26,20240228,1,1,21.55,1
258,26,20240302,1,1,8.69,0
259,26,20240304,1,1,2.32,1
260,27,20240105,1,0,13.04,1
261,27,20240109,1,1,72.11,0
262,27,20240115,1,1,52.94,1
263,27,20240130,1,1,19.3,0
264,27,20240220,1,1,16.97,0
265,27,20240301,1,1,21.49,0
266,27,20240319,1,1,1.81,0
267,27,20240321,1,1,19.74,1
268,27,20240331,1,1,15.12,0
269,28,20240111,1,1,24.91,1
270,28,20240112,1,1,29.09,0
271,28,20240113,1,1,7.59,1
272,28,20240115,1,1,26.09,1
273,28,20240129,1,1,9.9,1
274,28,20240201,1,1,10.59,0
275,28,20240317,1,0,122.98,0
276,29,20240109,1,1,62.28,0
277,29,20240111,1,1,2.92,0
278,29,20240114,2,2,16.36,1
279,29,20240115,1,1,63.89,1
280,29,20240125,2,2,131.92000000000002,1
281,29,20240127,1,1,15.62,1
282,29,20240216,1,1,0.74,1
283,29,20240217,1,0,5.47,0
284,29,20240222,1,1,5.9,1
285,29,20240223,1,0,15.02,1
286,29,20240225,1,1,5.23,0
287,29,20240227,1,1,4.16,0
288,29,20240313,1,0,5.23,0
289,29,20240317,1,1,8.33,0
290,30,20240208,1,1,17.1,0
291,30,20240214,1,0,3.91,0
292,30,20240218,1,1,16.24,1
293,30,20240227,1,1,32.8,1
294,30,20240304,1,1,47.67,0
295,30,20240307,1,1,2.0,1
296,30,20240329,1,1,86.22,1
297,30,20240331,1,1,32.58,0
298,31,20240104,2,0,44.46,0
299,31,20240116,1,0,2.42,0
300,31,20240125,1,1,0.62,0
301,31,20240311,1,1,37.66,1
302,31,20240319,1,1,8.21,0
303,31,20240323,1,1,0.47,0
304,32,20240118,1,1,4.6,0
305,32,20240129,1,1,18.26,0
306,32,20240208,1,0,0.49,0
307,32,20240211,1,1,5.88,1
308,32,20240215,2,2,82.89,2
309,32,20240302,2,1,27.91,0
310,32,20240306,1,1,5.67,0
311,32,20240316,1,1,21.31,1
312,32,20240329,2,2,84.26,0
313,33,20240102,1,1,11.51,0
314,33,20240108,1,1,19.23,1
315,33,20240113,1,1,39.26,1
316,33,20240207,1,1,15.38,0
317,33,20240209,1,1,49.12,0
318,33,20240217,1,0,19.63,1
319,33,20240218,1,1,21.86,0
320,33,20240225,1,1,15.07,0
321,33,20240313,1,0,27.89,1
322,33,20240314,1,0,45.57,1
323,34,20240103,1,0,5.33,1
324,34,20240123,1,1,4.43,1
325,34,20240202,1,1,37.82,1
326,34,20240222,1,1,11.79,0
327,34,20240224,1,1,3.18,1
328,34,20240315,2,1,77.92999999999999,0
329,34,20240328,1,1,32.19,0
330,35,20240105,1,1,62.83,0
331,35,20240117,1,1,10.09,0
332,35,20240129,1,1,6.79,0
333,35,20240131,1,1,5.64,0
334,35,20240226,1,1,144.85,0
335,35,20240227,3,3,35.76,1
336,35,20240302,2,1,6.96,1
337,35,20240311,1,1,41.87,1
338,35,20240320,1,1,26.88,0
339,35,20240327,1,1,49.03,0
340,36,20240108,1,1,18.94,0
341,36,20240110,1,1,45.74,1
342,36,20240113,1,1,4.75,0
343,36,20240122,1,0,16.88,1
344,36,20240129,1,0,17.48,0
345,36,20240215,1,1,76.63,1
346,36,20240301,1,1,38.18,0
347,36,20240307,1,1,13.29,1
348,36,20240312,1,1,18.89,1
349,36,20240314,1,1,18.74,0
350,36,20240317,1,0,16.25,0
351,36,20240326,1,1,16.48,1
352,37,20240111,1,1,59.24,0
353,37,20240113,1,0,0.94,1
354,37,20240114,1,1,4.81,0
355,37,20240127,1,1,1.84,1
356,37,20240128,2,2,7.74,0
357,37,20240208,1,1,5.34,0
358,37,20240209,1,0,18.56,1
359,37,20240214,1,1,15.87,0
360,37,20240227,1,1,0.72,0
361,37,20240302,1,1,45.86,1
362,37,20240312,2,2,61.61,1
363,37,20240313,1,1,123.63,0
364,37,20240319,1,1,5.29,0
365,37,20240323,1,0,48.67,0
366,38,20240106,1,1,44.58,0
367,38,20240111,1,1,76.62,0
368,38,20240129,1,1,10.51,0
369,38,20240203,1,1,64.57,1
370,38,20240204,1,1,22.98,0
371,38,20240205,1,1,15.53,0
372,38,20240216,1,1,16.91,1
373,38,20240305,1,1,23.89,1
374,38,20240311,1,1,49.17,1
375,38,20240312,1,1,43.09,0
376,38,20240326,1,1,35.03,0
377,39,20240108,1,1,59.83,0
378,39,20240115,1,1,3.43,0
379,39,20240116,1,1,10.79,1
380,39,20240122,1,1,99.72,1
381,39,20240123,1,0,46.92,1
382,39,20240205,1,0,17.08,1
383,39,20240217,1,1,46.48,0
384,39,20240224,1,1,6.59,0
385,39,20240301,1,1,2.79,1
386,39,20240303,1,1,29.48,0
387,39,20240310,1,1,48.42,0
388,39,20240312,1,1,11.28,1
389,39,20240314,1,1,79.09,0
390,39,20240318,1,0,9.77,0
391,39,20240323,1,1,19.32,0
392,39,20240325,1,1,6.08,0
393,39,20240327,1,1,29.4,0
394,40,20240101,1,1,23.93,1
395,40,20240201,1,1,27.31,1
396,40,20240203,1,1,0.98,1
397,40,20240214,1,1,12.78,0
398,40,20240222,1,1,12.51,1
399,40,20240228,1,1,9.65,1
400,40,20240302,1,1,5.37,0
401,40,20240306,1,0,9.68,1
402,40,20240311,1,1,0.47,0
403,40,20240316,1,1,5.73,1
404,40,20240318,1,0,2.32,1
405,40,20240325,1,0,20.04,0
406,41,20240110,1,1,0.36,1
407,41,20240205,1,1,47.41,1
408,41,20240210,1,1,16.68,1
409,41,20240306,1,0,10.16,1
410,41,20240314,1,1,20.16,1
411,41,20240326,1,1,21.29,1
412,41,20240331,1,1,8.02,0
413,42,20240106,1,0,32.14,0
414,42,20240118,1,1,1.27,0
415,42,20240119,1,0,21.04,0
416,42,20240129,1,1,13.55,0
417,42,20240202,1,0,8.43,0
418,42,20240218,1,1,38.57,0
419,42,20240227,1,1,7.53,1
420,42,20240308,2,2,6.12,1
421,42,20240322,1,0,32.31,0
422,42,20240329,1,0,14.06,1
423,43,20240119,2,2,209.42999999999998,1
424,43,20240206,1,1,24.07,1
425,43,20240305,1,0,15.13,1
426,44,20240110,1,0,37.22,1
427,44,20240111,1,1,28.23,1
428,44,20240113,1,1,68.17,1
429,44,20240123,1,1,28.01,1
430,44,20240129,1,1,131.99,0
431,44,20240201,1,1,1.09,1
432,44,20240210,1,1,14.84,1
433,44,20240302,1,1,58.73,0
434,44,20240321,1,1,31.99,0
435,45,20240103,1,1,26.68,0
436,45,20240105,2,2,19.32,1
437,45,20240110,1,1,14.19,0
438,45,20240114,1,1,10.56,1
439,45,20240222,1,1,0.05,1
440,45,20240224,1,1,1.72,1
441,45,20240304,1,1,16.25,0
442,45,20240312,1,1,7.71,0
443,45,20240313,1,1,22.16,1
444,46,20240102,1,1,117.74,0
445,46,20240117,1,1,60.86,0
446,46,20240127,1,0,20.51,0
447,46,20240207,2,1,47.980000000000004,1
448,46,20240220,1,1,15.44,0
449,46,20240228,1,1,12.2,1
450,46,20240229,1,1,4.05,1
451,46,20240304,1,0,22.07,0
452,46,20240306,1,1,32.66,0
453,46,20240310,1,0,45.95,1
454,46,20240317,1,1,116.73,0
455,46,20240318,1,1,23.87,1
456,46,20240328,1,1,4.82,1
457,47,20240101,1,1,18.23,0
458,47,20240102,1,0,104.77,1
459,47,20240106,1,1,2.94,0
460,47,20240118,1,1,4.65,0
461,47,20240122,1,0,1.13,0
462,47,20240202,1,1,6.9,0
463,47,20240207,1,1,29.91,1
464,47,20240211,1,1,53.21,0
465,47,20240215,1,1,116.03,1
466,47,20240216,1,1,34.41,1
467,47,20240221,1,1,1.73,1
468,47,20240223,1,0,3.55,0
469,47,20240303,1,0,4.32,1
470,47,20240305,1,1,18.74,0
471,47,20240306,1,1,1.7,0
472,47,20240317,1,1,9.93,1
473,47,20240321,1,1,18.97,0
474,47,20240322,1,1,97.88,0
475,47,20240324,1,1,10.38,0
476,47,20240326,1,1,3.29,0
477,48,20240114,1,0,25.94,0
478,48,20240201,1,1,15.92,0
479,48,20240215,1,0,5.0,1
480,48,20240218,1,1,8.25,0
481,48,20240308,1,1,24.1,1
482,49,20240103,1,1,4.26,0
483,49,20240108,1,1,4.8,1
484,49,20240125,1,1,41.19,0
485,49,20240201,1,1,1.0,0
486,49,20240206,1,1,27.36,1
487,49,20240213,1,1,10.42,1
488,49,20240218,1,1,51.28,0
489,49,20240221,1,1,11.01,1
490,49,20240222,2,2,27.52,0
491,49,20240223,1,1,15.26,1
492,49,20240305,1,0,21.06,0
493,49,20240309,1,1,7.13,1
494,49,20240315,1,1,32.47,1
495,49,20240330,1,1,27.75,1
496,50,20240103,1,0,1.81,0
497,50,20240123,1,1,14.13,1
498,50,20240131,1,1,17.29,0
499,50,20240221,1,1,7.56,0
500,50,20240222,1,0,81.91,1
501,50,20240304,1,1,81.53,0
502,50,20240309,1,1,0.94,0
503,50,20240327,1,1,12.69,1
504,51,20240120,1,0,2.35,1
505,51,20240131,1,0,12.18,0
506,51,20240219,1,1,79.76,0
507,51,20240303,1,0,13.0,1
508,51,20240310,1,0,0.3,0
509,51,20240315,1,1,23.26,1
510,51,20240324,1,0,25.3,0
511,51,20240329,1,1,18.37,1
512,52,20240120,1,1,23.64,1
513,52,20240123,1,1,5.88,0
514,52,20240202,1,1,17.13,0
515,52,20240225,1,1,10.98,0
516,52,20240311,1,1,18.65,1
517,53,20240111,1,1,6.86,0
518,53,20240118,1,1,1.95,1
519,53,20240202,1,1,17.89,0
520,53,20240204,1,1,65.58,1
521,53,20240213,1,1,11.56,0
522,53,20240301,1,0,9.49,0
523,53,20240302,1,1,33.39,1
524,53,20240315,1,0,2.66,1
525,53,20240320,1,0,4.91,0
526,53,20240324,1,1,27.19,1
527,54,20240120,1,1,12.62,0
528,54,20240203,1,1,22.24,0
529,54,20240207,1,0,10.07,0
530,54,20240208,1,1,0.37,0
531,54,20240210,1,1,1.85,1
532,54,20240219,1,1,67.71,0
533,54,20240225,1,1,14.27,0
534,54,20240226,1,1,23.23,1
535,54,20240327,1,1,2.91,0
536,54,20240330,1,0,33.54,1
537,55,20240114,1,0,7.73,0
538,55,20240116,1,1,35.51,1
539,55,20240118,1,1,0.16,1
540,55,20240123,1,1,50.96,0
541,55,20240206,2,2,56.64,1
542,55,20240211,1,1,20.7,0
543,55,20240223,1,0,6.92,0
544,55,20240307,1,1,76.05,0
545,55,20240313,1,1,105.02,1
546,55,20240316,1,1,2.36,0
547,55,20240317,1,1,28.48,0
548,55,20240324,1,1,35.62,0
549,55,20240327,1,1,133.0,1
550,56,20240125,1,1,11.88,1
551,56,20240126,1,0,20.73,1
552,56,20240211,2,2,122.37,0
553,56,20240218,1,1,69.91,1
554,56,20240220,1,1,21.34,0
555,56,20240221,1,1,4.62,0
556,56,20240311,1,1,16.83,0
557,56,20240312,1,1,131.24,0
558,56,20240329,1,1,1.96,1
559,57,20240124,1,1,5.54,1
560,57,20240204,1,1,39.74,1
561,57,20240221,1,0,60.77,0
562,57,20240302,1,1,10.49,0
563,57,20240304,1,1,4.73,1
564,57,20240311,1,1,27.66,1
565,57,20240312,1,1,24.68,1
566,57,20240322,1,0,22.62,0
567,57,20240330,1,1,5.05,0
568,58,20240102,1,1,2.6,0
569,58,20240106,1,1,0.66,1
570,58,20240209,1,1,17.28,1
571,58,20240210,1,1,14.1,0
572,58,20240304,1,1,29.91,0
573,58,20240325,1,1,0.38,0
574,58,20240327,1,1,6.7,0
575,59,20240103,1,1,51.6,0
576,59,20240104,1,1,10.97,1
577,59,20240122,1,1,4.84,0
578,59,20240131,1,1,48.13,0
579,59,20240203,1,1,5.68,1
580,59,20240220,1,1,14.12,0
581,59,20240301,1,1,21.22,0
582,59,20240302,1,1,5.04,0
583,59,20240307,1,1,13.46,0
584,59,20240315,1,0,7.93,0
585,60,20240109,1,1,186.26,0
586,60,20240110,1,1,14.9,1
587,60,20240111,1,1,0.04,0
588,60,20240115,1,1,0.79,0
589,60,20240123,1,1,40.07,0
590,60,20240125,1,1,1.55,1
591,60,20240202,1,1,20.74,0
592,60,20240211,1,1,31.52,0
593,60,20240219,1,1,6.02,1
594,60,20240227,1,1,19.13,0
595,60,20240305,1,1,41.55,1
596,60,20240319,1,1,62.95,0
597,60,20240331,1,1,7.91,0
598,61,20240129,1,1,0.42,1
599,61,20240131,1,0,2.81,1
600,61,20240204,1,1,8.09,0
601,61,20240225,1,1,4.81,0
602,61,20240311,1,1,22.55,0
603,61,20240320,1,1,5.84,1
604,61,20240323,1,1,32.26,1
605,61,20240327,1,1,15.34,0
606,61,20240328,1,1,1.44,0
607,62,20240106,1,1,26.37,1
608,62,20240131,1,1,10.57,0
609,62,20240212,1,0,60.92,0
610,62,20240227,1,1,11.94,0
611,62,20240306,1,1,5.13,1
612,62,20240307,1,1,3.76,1
613,62,20240312,1,0,49.42,1
614,62,20240313,1,1,50.98,0
615,62,20240316,1,1,37.72,1
616,62,20240317,1,1,13.12,1
617,62,20240321,1,0,28.38,1
618,62,20240326,1,1,10.14,0
619,62,20240327,1,1,0.76,1
620,63,20240103,1,0,13.51,1
621,63,20240128,1,1,151.85,1
622,63,20240216,1,0,10.03,0
623,63,20240221,1,1,9.99,1
624,63,20240229,1,1,30.69,1
625,63,20240302,1,0,8.59,1
626,63,20240306,1,1,15.49,0
627,63,20240307,2,1,52.99,1
628,63,20240308,1,1,70.0,1
629,63,20240311,1,1,0.8,0
630,63,20240316,1,1,20.58,1
631,63,20240330,1,0,10.55,1
632,63,20240331,1,1,25.39,0
633,64,20240104,1,0,2.23,0
634,64,20240107,1,1,17.49,1
635,64,20240111,1,1,36.82,0
636,64,20240124,1,1,11.56,1
637,64,20240203,1,1,3.22,0
638,64,20240310,1,1,5.76,1
639,64,20240319,1,1,56.3,0
640,64,20240320,1,1,23.2,1
641,64,20240322,1,1,17.94,0
642,64,20240324,1,1,13.86,1
643,65,20240103,1,0,57.24,1
644,65,20240114,1,1,8.67,0
645,65,20240125,1,1,2.25,1
646,65,20240206,1,1,0.21,1
647,65,20240211,1,1,24.01,1
648,65,20240328,1,0,11.84,0
649,65,20240329,1,0,51.42,0
650,66,20240117,1,0,0.22,0
651,66,20240121,1,1,26.26,0
652,66,20240209,1,0,264.86,1
653,66,20240302,1,1,7.06,1
654,66,20240309,1,1,8.86,0
655,66,20240321,1,1,26.5,0
656,67,20240109,1,0,23.92,1
657,67,20240201,1,1,42.28,1
658,67,20240217,1,1,10.44,1
659,67,20240219,1,0,62.68,0
660,67,20240229,1,1,11.45,1
661,67,20240301,1,1,3.33,1
662,67,20240316,1,1,146.82,0
663,67,20240321,1,0,68.95,0
664,67,20240326,1,1,12.16,0
665,67,20240328,1,1,5.09,1
666,68,20240104,1,1,23.77,1
667,68,20240111,1,1,10.45,1
668,68,20240130,2,2,30.18,1
669,68,20240215,1,1,9.06,0
670,68,20240216,1,1,21.52,1
671,68,20240227,1,1,2.13,0
672,68,20240305,1,1,52.56,0
673,68,20240312,1,1,5.86,0
674,68,20240313,1,1,4.76,1
675,68,20240325,1,1,14.06,1
676,69,20240102,1,1,17.08,0
677,69,20240119,1,1,27.9,0
678,69,20240130,1,1,1.42,0
679,69,20240202,1,1,9.09,0
680,69,20240209,1,1,53.14,1
681,69,20240220,1,1,5.96,0
682,69,20240306,1,1,0.42,1
683,69,20240313,1,1,2.89,1
684,69,20240329,1,1,201.7,1
685,70,20240111,1,1,71.37,0
686,70,20240117,1,1,6.23,1
687,70,20240121,1,1,0.43,1
688,70,20240125,1,1,39.15,1
689,70,20240128,1,1,4.54,1
690,70,20240207,1,1,14.25,0
691,70,20240210,1,1,18.73,1
692,70,20240221,1,0,60.91,0
693,70,20240322,1,1,14.29,1
694,70,20240329,1,0,49.02,1
695,71,20240217,1,1,7.57,0
696,71,20240326,2,2,45.49,0
697,72,20240106,1,0,17.58,0
698,72,20240109,1,0,15.82,0
699,72,20240110,1,1,39.61,1
700,72,20240113,1,1,7.29,0
701,72,20240115,1,0,6.75,0
702,72,20240118,1,1,0.36,1
703,72,20240125,1,1,15.71,1
704,72,20240128,1,1,0.34,0
705,72,20240212,2,0,90.07,2
706,72,20240307,1,1,75.92,0
707,72,20240308,1,1,65.02,0
708,72,20240309,1,1,1.71,0
709,72,20240316,1,1,21.47,1
710,72,20240328,1,0,11.58,0
711,73,20240101,1,1,12.88,1
712,73,20240111,1,1,1.31,1
713,73,20240118,1,1,12.94,0
714,73,20240125,1,0,65.96,0
715,73,20240126,1,1,3.0,1
716,73,20240131,1,0,5.38,1
717,73,20240206,1,1,18.84,1
718,73,20240310,1,1,85.75,0
719,73,20240318,1,0,1.89,1
720,74,20240109,1,0,48.55,0
721,74,20240115,1,1,4.39,1
722,74,20240117,1,1,4.32,0
723,74,20240203,1,1,15.01,0
724,74,20240213,1,1,0.93,0
725,74,20240220,1,1,10.56,0
726,74,20240302,1,1,8.55,1
727,74,20240303,1,1,13.07,1
728,74,20240305,1,0,33.06,1
729,74,20240315,1,1,2.55,0
730,74,20240328,1,1,12.87,1
731,75,20240113,1,1,9.01,1
732,75,20240118,1,1,43.9,1
733,75,20240119,1,0,77.01,0
734,75,20240128,1,1,9.38,1
735,75,20240208,1,1,53.06,0
736,75,20240224,1,1,11.45,1
737,75,20240227,1,1,30.75,0
738,75,20240229,1,1,7.06,1
739,75,20240323,1,1,5.11,0
740,76,20240101,1,1,18.28,0
741,76,20240108,1,1,30.51,0
742,76,20240114,1,0,9.33,0
743,76,20240124,1,0,27.58,0
744,76,20240130,1,0,10.11,0
745,76,20240202,1,1,1.04,0
746,76,20240206,1,1,6.55,0
747,76,20240208,1,1,13.97,1
748,76,20240217,1,1,45.4,1
749,76,20240305,1,0,35.21,0
750,76,20240309,1,1,5.51,1
751,77,20240111,1,1,76.8,0
752,77,20240124,1,1,37.83,0
753,77,20240131,1,1,61.42,0
754,77,20240308,1,1,42.86,0
755,77,20240313,1,1,29.53,1
756,77,20240319,1,1,49.41,0
757,77,20240326,2,2,75.96000000000001,2
758,78,20240108,1,0,99.19,0
759,78,20240120,1,1,22.18,1
760,78,20240126,1,1,57.09,0
761,78,20240203,1,1,65.23,1
762,78,20240223,1,1,38.84,0
763,78,20240310,1,1,1.22,0
764,78,20240312,1,0,2.59,1
765,78,20240317,1,1,29.08,1
766,78,20240318,1,1,2.0,0
767,78,20240322,1,1,82.12,0
768,78,20240323,1,1,47.03,0
769,79,20240202,1,1,25.51,0
770,79,20240211,1,1,13.32,0
771,79,20240215,1,1,24.85,1
772,79,20240216,1,0,19.29,0
773,79,20240227,1,1,24.43,0
774,79,20240306,1,1,3.74,1
775,79,20240310,1,0,0.99,0
776,79,20240312,1,1,15.71,0
777,79,20240321,1,1,21.25,0
778,80,20240125,1,1,41.31,0
779,80,20240130,1,0,20.66,0
780,80,20240131,1,1,28.05,0
781,80,20240212,1,0,10.78,0
782,80,20240302,1,0,3.19,1
783,80,20240311,1,1,36.33,0
784,80,20240313,1,1,62.66,0
785,80,20240323,1,1,8.86,1
786,80,20240331,1,0,5.51,0
787,81,20240103,1,0,41.1,0
788,81,20240110,1,0,12.27,0
789,81,20240113,1,1,15.24,1
790,81,20240126,1,1,6.94,0
791,81,20240129,1,1,39.14,0
792,81,20240130,1,1,1.63,1
793,81,20240210,1,1,20.67,0
794,81,20240328,1,1,66.44,0
795,82,20240102,1,1,32.3,0
796,82,20240125,1,1,48.01,0
797,82,20240201,1,1,79.38,0
798,82,20240301,1,1,46.21,0
799,82,20240307,1,1,88.46,0
800,82,20240319,1,0,5.3,1
801,82,20240321,1,1,39.43,0
802,82,20240327,1,1,8.64,0
803,82,20240329,2,2,47.46,1
804,83,20240111,1,1,2.02,0
805,83,20240117,1,1,33.36,0
806,83,20240126,1,1,20.11,1
807,83,20240227,1,0,37.6,1
808,83,20240301,1,0,18.89,1
809,83,20240309,2,2,22.02,0
810,84,20240115,1,1,1.87,1
811,84,20240116,1,1,7.01,0
812,84,20240118,1,1,60.51,0
813,84,20240128,1,1,31.76,0
814,84,20240204,1,0,48.31,0
815,84,20240206,1,1,41.88,1
816,84,20240210,1,0,32.53,1
817,84,20240226,1,1,11.87,0
818,84,20240305,1,0,5.15,0
819,84,20240309,1,1,16.6,0
820,84,20240312,1,1,31.08,0
821,84,20240316,1,0,15.18,0
822,84,20240319,1,1,19.62,0
823,84,20240331,1,1,5.11,1
824,85,20240104,1,1,34.08,0
825,85,20240120,1,1,21.32,1
826,85,20240202,1,1,3.91,1
827,85,20240208,1,0,101.01,1
828,85,20240213,1,1,8.38,1
829,85,20240225,1,1,9.45,1
830,85,20240308,1,1,9.19,0
831,85,20240310,1,1,127.57,1
832,85,20240312,1,1,3.37,1
833,86,20240101,1,1,13.19,1
834,86,20240102,1,1,74.39,1
835,86,20240107,1,1,22.48,1
836,86,20240120,1,1,140.7,0
837,86,20240126,1,0,184.02,0
838,86,20240206,1,1,12.67,1
839,86,20240207,2,1,77.97999999999999,1
840,86,20240216,1,1,15.29,0
841,86,20240225,1,1,12.07,0
842,86,20240228,1,1,19.91,0
843,86,20240303,1,1,14.93,1
844,86,20240309,1,1,35.87,1
845,87,20240124,1,1,2.53,1
846,87,20240204,1,1,20.39,0
847,87,20240227,1,1,19.01,1
848,87,20240305,1,1,40.75,0
849,87,20240328,1,0,5.46,0
850,88,20240108,1,1,5.11,0
851,88,20240109,1,0,5.36,0
852,88,20240115,1,1,22.07,0
853,88,20240202,1,1,5.49,0
854,88,20240206,1,0,21.37,1
855,88,20240313,1,1,22.4,0
856,88,20240320,1,1,20.86,0
857,88,20240327,1,1,93.76,0
858,89,20240102,1,0,28.46,0
859,89,20240125,1,1,52.3,0
860,89,20240202,1,1,44.74,0
861,89,20240210,1,1,75.79,1
862,89,20240217,1,1,8.79,0
863,89,20240225,1,0,2.58,0
864,89,20240302,1,1,11.17,1
865,89,20240303,1,1,13.48,1
866,89,20240313,1,1,11.53,0
867,89,20240322,1,1,5.17,0
868,89,20240323,1,0,30.09,0
869,90,20240101,1,1,28.71,1
870,90,20240119,1,1,1.34,0
871,90,20240205,1,1,1.35,0
872,90,20240221,1,0,44.88,1
873,90,20240225,1,1,17.49,0
874,90,20240229,1,0,5.14,1
875,90,20240301,1,0,33.49,1
876,90,20240317,1,1,54.76,1
877,90,20240321,1,0,4.11,1
878,90,20240322,1,1,8.19,0
879,90,20240327,1,1,11.77,1
880,91,20240117,1,1,54.34,0
881,91,20240125,1,1,56.81,0
882,91,20240225,1,1,30.74,1
883,91,20240309,1,1,12.85,0
884,91,20240323,1,1,1.82,0
885,92,20240102,1,1,11.38,0
886,92,20240105,1,1,15.23,0
887,92,20240110,1,0,11.23,0
888,92,20240121,1,1,13.97,1
889,92,20240208,1,1,34.73,0
890,92,20240210,1,1,5.25,0
891,92,20240215,2,2,34.81,1
892,92,20240216,1,1,6.12,0
893,92,20240306,1,1,0.8,1
894,92,20240331,1,1,25.91,1
895,93,20240110,1,0,8.63,1
896,93,20240114,1,1,11.81,0
897,93,20240116,2,2,50.42,1
898,93,20240128,2,2,3.34,0
899,93,20240130,1,1,1.28,0
900,93,20240207,1,1,23.18,1
901,93,20240216,1,1,50.09,0
902,93,20240218,1,1,60.06,0
903,93,20240330,1,1,6.19,1
904,94,20240114,1,0,15.58,0
905,94,20240115,1,1,17.0,1
906,94,20240121,1,1,2.19,0
907,94,20240130,1,1,94.92,1
908,94,20240307,1,0,11.19,0
909,94,20240316,1,1,21.2,1
910,94,20240326,1,1,14.37,0
911,94,20240331,1,0,38.75,1
912,95,20240105,1,0,11.02,1
913,95,20240109,1,0,12.99,0
914,95,20240201,1,1,11.26,0
915,95,20240213,1,0,1.33,0
916,95,20240218,1,1,2.96,0
917,95,20240229,1,1,23.12,1
918,95,20240308,1,1,15.43,0
919,95,20240317,1,1,17.99,0
920,96,20240110,1,1,1.98,1
921,96,20240203,1,0,58.87,1
922,96,20240210,1,1,7.64,1
923,96,20240221,1,1,6.39,0
924,96,20240228,1,1,0.79,0
925,96,20240316,1,1,8.57,1
926,96,20240320,1,1,5.33,0
927,97,20240103,1,1,1.01,0
928,97,20240109,1,1,7.79,0
929,97,20240115,1,1,0.24,1
930,97,20240119,1,1,29.16,0
931,97,20240120,1,0,11.69,0
932,97,20240126,1,1,31.19,0
933,97,20240127,1,1,42.66,1
934,97,20240314,1,1,2.13,0
935,97,20240327,1,1,64.3,0
936,98,20240112,1,0,26.65,0
937,98,20240114,1,1,79.9,0
938,98,20240116,1,1,5.91,1
939,98,20240125,1,1,56.83,0
940,98,20240126,1,1,70.44,0
941,98,20240205,1,0,29.35,0
942,98,20240213,1,1,4.72,0
943,98,20240219,1,1,14.02,0
944,98,20240311,1,0,1.54,1
945,98,20240313,1,1,9.59,0
946,98,20240314,1,1,3.07,0
947,98,20240317,1,1,5.88,0
948,98,20240330,1,1,50.95,1
949,99,20240106,1,0,2.24,1
950,99,20240115,1,1,19.66,0
951,99,20240125,1,1,61.43,1
952,99,20240205,1,0,109.23,0
953,99,20240217,1,1,30.66,0
954,99,20240218,1,1,13.87,0
955,99,20240227,1,1,43.95,0
956,99,20240305,1,1,29.52,1
957,100,20240112,1,0,19.04,0
958,100,20240119,1,1,15.54,1
959,100,20240128,1,1,79.85,0
960,100,20240207,1,0,101.29,1
961,100,20240208,1,1,60.77,0
962,100,20240226,1,1,17.24,0
963,100,20240304,1,0,7.09,0
964,100,20240308,1,0,13.01,0
965,100,20240315,1,1,32.81,0
966,101,20240114,1,1,25.18,0
967,101,20240118,1,1,44.11,1
968,101,20240208,1,1,13.04,0
969,101,20240219,1,0,31.49,1
970,101,20240225,1,0,0.44,1
971,101,20240309,1,0,1.44,0
972,101,20240318,1,1,6.18,0
973,101,20240322,1,1,9.8,0
974,102,20240114,1,1,46.02,1
975,102,20240117,1,1,38.44,1
976,102,20240124,1,1,8.92,0
977,102,20240127,1,1,29.28,0
978,102,20240208,1,0,6.13,1
979,102,20240216,1,1,18.75,0
980,102,20240219,1,0,35.29,0
981,102,20240226,1,1,39.38,1
982,102,20240313,1,0,4.5,0
983,102,20240329,1,1,0.85,0
984,103,20240116,1,1,89.34,0
985,103,20240117,1,1,10.3,1
986,103,20240126,1,1,53.53,0
987,103,20240217,1,1,42.77,0
988,103,20240307,1,1,27.99,0
989,103,20240314,1,1,7.47,1
990,103,20240318,1,0,33.64,0
991,103,20240330,1,1,0.1,0
992,104,20240110,1,0,31.63,1
993,104,20240111,1,0,16.39,1
994,104,20240113,1,1,66.3,1
995,104,20240119,1,1,18.47,0
996,104,20240124,1,1,7.5,1
997,104,20240125,1,1,5.51,1
998,104,20240202,1,1,42.63,0
999,104,20240208,1,0,20.44,0
1000,104,20240309,1,0,88.02,1
1001,104,20240315,1,1,17.91,1
1002,104,20240318,1,1,23.56,0
1003,104,20240322,1,1,14.54,0
1004,104,20240323,1,1,56.01,0
1005,105,20240108,1,1,38.3,0
1006,105,20240120,1,0,32.98,0
1007,105,20240124,2,2,86.38,0
1008,105,20240205,1,1,5.89,0
1009,105,20240212,1,0,3.96,1
1010,105,20240217,1,0,9.81,1
1011,105,20240223,1,1,18.36,0
1012,105,20240228,1,1,19.58,0
1013,105,20240315,1,1,53.12,0
1014,106,20240112,1,1,14.97,1
1015,106,20240114,1,0,25.17,1
1016,106,20240125,1,1,4.59,0
1017,106,20240201,1,1,1.47,0
1018,106,20240208,1,1,21.97,0
1019,106,20240209,1,1,2.81,0
1020,106,20240212,1,1,15.64,0
1021,106,20240315,1,1,35.88,1
1022,107,20240116,1,1,2.41,0
1023,107,20240118,1,0,44.01,1
1024,107,20240121,1,1,26.7,0
1025,107,20240222,1,0,4.97,0
1026,107,20240223,1,0,51.48,0
1027,107,20240229,1,1,0.66,0
1028,107,20240304,1,1,5.2,0
1029,107,20240311,1,1,15.33,1
1030,107,20240324,1,1,1.22,1
1031,108,20240113,1,0,31.12,0
1032,108,20240123,1,1,6.0,0
1033,108,20240127,1,1,51.5,0
1034,108,20240225,1,1,81.44,1
1035,108,20240226,1,1,31.15,1
1036,108,20240229,1,1,36.22,1
1037,108,20240301,1,1,10.04,0
1038,108,20240303,1,1,51.19,0
1039,108,20240307,1,1,41.73,0
1040,108,20240316,1,1,10.02,0
1041,108,20240325,1,1,40.84,1
1042,108,20240326,1,0,9.89,1
1043,108,20240327,1,1,121.66,1
1044,109,20240101,1,1,5.03,0
1045,109,20240104,1,1,3.4,1
1046,109,20240105,1,1,43.32,0
1047,109,20240106,2,2,51.22,0
1048,109,20240117,1,1,12.98,1
1049,109,20240204,1,1,40.49,1
1050,109,20240206,1,1,23.1,0
1051,109,20240207,1,1,7.58,0
1052,109,20240222,1,0,2.87,1
1053,109,20240324,1,1,14.9,0
1054,109,20240325,1,1,52.89,0
1055,109,20240328,1,1,55.18,0
1056,110,20240104,1,1,8.42,0
1057,110,20240306,1,1,1.65,1
1058,110,20240311,1,1,48.22,0
1059,110,20240312,1,0,4.93,1
1060,110,20240319,1,1,0.9,0
1061,110,20240328,1,0,0.04,1
1062,111,20240106,1,1,6.84,1
1063,111,20240114,1,1,29.15,0
1064,111,20240128,2,2,51.21,1
1065,111,20240217,1,1,22.85,0
1066,111,20240223,1,1,7.66,0
1067,111,20240228,1,1,62.85,1
1068,111,20240229,1,1,40.95,0
1069,111,20240310,1,1,18.48,0
1070,111,20240313,1,1,1.65,0
1071,111,20240321,1,1,18.71,0
1072,111,20240323,1,0,6.4,0
1073,111,20240330,1,1,88.84,1
1074,112,20240110,1,1,109.22,1
1075,112,20240218,2,2,48.17,2
1076,112,20240311,1,0,37.48,0
1077,113,20240106,1,1,33.03,0
1078,113,20240115,1,1,36.96,1
1079,113,20240120,1,1,8.2,1
1080,113,20240129,2,2,32.92,2
1081,113,20240205,1,1,37.87,0
1082,113,20240207,1,0,104.61,0
1083,113,20240310,1,1,27.09,1
1084,113,20240329,1,1,32.11,0
1085,113,20240330,1,1,43.59,0
1086,114,20240110,1,1,4.83,0
1087,114,20240122,1,1,18.13,1
1088,114,20240123,1,1,7.41,1
1089,114,20240127,1,1,26.04,1
1090,114,20240131,2,0,76.35000000000001,0
1091,114,20240203,1,0,16.53,1
1092,114,20240302,1,1,9.51,0
1093,115,20240102,1,1,27.23,1
1094,115,20240117,1,1,10.45,0
1095,115,20240120,1,1,88.44,0
1096,115,20240124,1,1,1.91,0
1097,115,20240129,1,1,27.66,0
1098,115,20240131,2,2,46.95,1
1099,115,20240207,1,1,12.35,0
1100,115,20240211,1,0,16.21,1
1101,115,20240215,1,0,6.2,1
1102,115,20240308,1,0,69.55,0
1103,115,20240324,1,1,51.72,0
1104,115,20240331,1,1,7.29,0
1105,116,20240119,1,1,38.72,0
1106,116,20240216,1,1,3.53,0
1107,116,20240301,1,0,39.12,1
1108,116,20240308,1,0,35.51,0
1109,117,20240109,1,1,8.0,0
1110,117,20240112,1,1,1.61,0
1111,117,20240116,1,1,3.66,0
1112,117,20240127,1,1,64.87,0
1113,117,20240128,1,1,34.85,1
1114,117,20240207,2,2,1.02,1
1115,117,20240219,1,0,27.3,0
1116,117,20240223,1,1,23.16,1
1117,117,20240224,1,1,11.74,1
1118,117,20240226,1,0,11.61,0
1119,117,20240303,1,1,24.72,1
1120,117,20240314,1,1,101.31,0
1121,117,20240316,1,1,4.31,0
1122,118,20240109,1,1,14.69,0
1123,118,20240115,1,1,27.42,0
1124,118,20240120,1,1,10.84,0
1125,118,20240121,1,1,9.13,0
1126,118,20240126,1,1,3.66,0
1127,118,20240204,1,1,98.16,1
1128,118,20240212,1,1,80.57,0
1129,118,20240213,1,1,24.69,1
1130,118,20240218,1,1,7.69,0
1131,118,20240222,1,1,35.88,0
1132,118,20240304,1,0,18.06,0
1133,118,20240309,1,1,3.85,1
1134,118,20240311,2,2,43.44,1
1135,118,20240314,2,2,13.16,1
1136,118,20240322,1,1,120.23,0
1137,119,20240109,1,0,8.35,0
1138,119,20240117,1,1,88.99,1
1139,119,20240119,1,0,7.16,1
1140,119,20240131,1,1,10.44,0
1141,119,20240205,1,1,1.97,1
1142,119,20240227,1,1,35.43,1
1143,119,20240228,1,1,28.96,0
1144,119,20240301,1,1,7.07,1
1145,119,20240310,1,1,4.39,1
1146,119,20240316,1,1,70.2,0
1147,119,20240320,1,1,1.79,0
1148,119,20240327,1,1,28.03,1
1149,120,20240110,1,1,15.37,0
1150,120,20240122,2,2,32.59,1
1151,120,20240129,1,1,22.44,0
1152,120,20240130,1,1,41.62,0
1153,120,20240206,1,1,3.76,1
1154,120,20240210,1,1,14.88,0
1155,120,20240215,1,1,8.54,0
1156,120,20240310,1,1,12.69,0
1157,120,20240318,1,1,0.71,0
1158,120,20240324,1,1,8.13,0
1159,121,20240110,1,1,85.81,0
1160,121,20240119,1,1,12.18,0
1161,121,20240122,1,1,2.04,0
1162,121,20240131,1,0,23.76,0
1163,121,20240203,1,0,7.89,0
1164,121,20240215,1,1,2.77,0
1165,121,20240318,1,1,24.8,1
1166,121,20240319,1,1,4.18,0
1167,121,20240331,1,1,22.31,0
1168,122,20240101,1,1,2.62,0
1169,122,20240121,2,2,22.439999999999998,0
1170,122,20240122,1,1,31.26,1
1171,122,20240208,1,1,20.01,0
1172,122,20240216,1,1,48.6,1
1173,122,20240218,1,1,4.24,1
1174,122,20240221,1,1,21.85,0
1175,122,20240306,1,1,0.17,1
1176,122,20240309,1,1,82.92,0
1177,122,20240310,1,1,12.37,1
1178,122,20240319,1,1,27.1,1
1179,123,20240102,1,1,34.57,1
1180,123,20240108,1,1,18.84,1
1181,123,20240115,1,1,43.73,1
1182,123,20240130,1,1,47.86,0
1183,123,20240211,1,1,20.25,1
1184,123,20240212,1,0,63.73,1
1185,123,20240224,1,1,16.14,0
1186,123,20240225,1,1,56.44,1
1187,123,20240226,1,1,19.97,0
1188,123,20240303,1,1,3.45,0
1189,123,20240311,1,1,31.16,0
1190,123,20240328,1,1,13.04,0
1191,123,20240331,1,1,20.52,1
1192,124,20240115,1,0,3.39,0
1193,124,20240203,1,0,8.66,1
1194,124,20240212,1,1,5.12,1
1195,124,20240220,1,1,35.44,0
1196,124,20240305,1,1,2.04,0
1197,124,20240313,1,1,153.69,0
1198,125,20240111,1,1,11.48,0
1199,125,20240120,1,1,26.68,0
1200,125,20240125,1,1,2.71,1
1201,125,20240203,1,1,3.3,1
1202,125,20240204,1,1,13.74,1
1203,125,20240213,1,1,2.04,0
1204,125,20240217,1,1,29.05,0
1205,125,20240302,2,2,72.27000000000001,1
1206,125,20240313,1,1,93.49,0
1207,125,20240320,1,1,23.53,0
1208,126,20240102,1,1,20.26,0
1209,126,20240117,1,1,7.68,1
1210,126,20240122,1,1,71.12,0
1211,126,20240129,1,1,3.34,1
1212,126,20240206,1,1,20.7,0
1213,126,20240210,1,1,1.66,1
1214,126,20240216,1,1,27.41,0
1215,126,20240226,1,0,40.92,0
1216,126,20240315,1,0,57.44,0
1217,126,20240319,1,1,48.06,1
1218,126,20240322,1,0,1.65,0
1219,127,20240111,1,0,20.02,0
1220,127,20240210,1,0,56.59,1
1221,127,20240217,1,1,17.35,0
1222,127,20240312,1,1,1.33,1
1223,127,20240317,1,1,1.53,1
1224,127,20240331,1,0,78.23,1
1225,128,20240113,1,0,8.58,0
1226,128,20240127,1,1,28.53,1
1227,128,20240208,1,1,16.16,0
1228,128,20240212,1,1,0.35,1
1229,128,20240216,1,1,17.44,0
1230,129,20240103,1,1,23.2,1
1231,129,20240123,1,1,8.57,1
1232,129,20240206,1,1,26.52,1
1233,129,20240226,1,1,9.17,0
1234,129,20240310,1,1,7.36,1
1235,129,20240312,1,1,0.52,1
1236,129,20240319,1,0,17.26,0
1237,130,20240112,1,0,11.36,1
1238,130,20240118,1,1,13.96,0
1239,130,20240127,1,1,59.91,0
1240,130,20240130,1,1,0.62,0
1241,130,20240202,2,1,10.969999999999999,1
1242,130,20240208,1,1,31.96,0
1243,130,20240318,1,1,29.07,0
1244,130,20240320,1,0,17.49,0
1245,130,20240325,1,0,93.46,1
1246,130,20240326,2,1,77.85,1
1247,130,20240329,1,1,80.14,0
1248,131,20240112,1,1,83.03,1
1249,131,20240120,1,1,16.86,0
1250,131,20240206,1,1,28.38,1
1251,131,20240210,1,1,2.29,0
1252,131,20240227,2,2,7.7700000000000005,1
1253,131,20240309,1,1,43.2,0
1254,131,20240310,1,0,9.67,1
1255,131,20240313,2,1,7.09,0
1256,131,20240317,1,1,47.66,0
1257,132,20240109,1,1,5.48,0
1258,132,20240117,1,1,10.61,0
1259,132,20240119,1,1,52.79,1
1260,132,20240218,1,0,51.61,0
1261,132,20240225,1,1,25.71,0
1262,132,20240317,1,1,3.09,0
1263,132,20240325,2,2,21.76,0
1264,132,20240331,1,1,35.6,1
1265,133,20240106,1,0,21.42,0
1266,133,20240107,1,1,29.55,1
1267,133,20240108,1,1,63.79,0
1268,133,20240109,1,0,21.59,0
1269,133,20240115,1,1,0.87,0
1270,133,20240119,1,0,5.95,1
1271,133,20240129,1,1,1.81,0
1272,133,20240208,1,1,20.37,0
1273,133,20240220,1,1,8.34,0
1274,133,20240226,1,0,25.07,1
1275,133,20240304,1,0,4.88,0
1276,133,20240314,1,1,48.24,0
1277,134,20240111,1,0,10.52,1
1278,134,20240118,1,1,17.35,0
1279,134,20240122,1,0,18.15,0
1280,134,20240124,1,1,1.96,1
1281,134,20240131,1,1,4.47,1
1282,134,20240218,1,0,19.41,1
1283,134,20240220,1,1,27.98,0
1284,134,20240221,1,1,12.0,0
1285,134,20240314,1,1,6.89,1
1286,134,20240315,1,1,17.46,1
1287,134,20240321,1,1,79.5,1
1288,134,20240328,1,0,3.05,0
1289,135,20240102,1,1,15.8,0
1290,135,20240124,1,1,11.68,1
1291,135,20240312,1,1,0.48,0
1292,135,20240321,1,1,12.36,0
1293,135,20240322,1,1,58.46,1
1294,136,20240102,1,1,13.69,1
1295,136,20240110,1,1,3.02,1
1296,136,20240115,1,0,91.19,0
1297,136,20240130,1,1,126.93,0
1298,136,20240203,1,1,15.07,1
1299,136,20240214,1,1,1.89,1
1300,136,20240215,1,1,48.51,1
1301,136,20240220,1,0,74.6,0
1302,136,20240221,1,1,37.23,0
1303,136,20240224,1,1,1.14,1
1304,137,20240107,1,0,17.67,1
1305,137,20240110,1,1,13.98,0
1306,137,20240113,1,1,3.72,0
1307,137,20240218,1,1,49.07,1
1308,137,20240225,1,0,61.0,0
1309,137,20240227,1,0,3.6,0
1310,137,20240228,1,1,2.36,1
1311,137,20240320,1,0,20.52,1
1312,137,20240324,1,1,3.01,1
1313,138,20240226,1,0,38.61,0
1314,138,20240308,1,1,1.86,0
1315,138,20240311,1,1,38.96,0
1316,138,20240317,1,1,4.41,0
1317,138,20240320,1,1,80.8,0
1318,138,20240326,1,0,38.52,0
1319,138,20240331,1,1,17.98,0
1320,139,20240229,1,1,67.2,0
1321,139,20240305,1,1,1.28,1
1322,139,20240314,1,0,0.18,0
1323,139,20240318,1,1,58.0,0
1324,139,20240319,1,1,24.85,1
1325,140,20240103,1,1,9.03,0
1326,140,20240110,1,0,28.39,0
1327,140,20240118,1,1,7.78,0
1328,140,20240202,1,0,36.67,0
1329,140,20240215,1,0,0.59,0
1330,140,20240227,1,1,45.33,0
1331,140,20240328,1,1,23.63,0
1332,141,20240105,1,1,36.93,1
1333,141,20240109,1,1,24.57,0
1334,141,20240206,1,0,29.32,0
1335,141,20240209,1,0,5.44,1
1336,141,20240212,1,1,58.52,1
1337,141,20240224,1,1,39.02,0
1338,141,20240228,1,1,27.27,1
1339,141,20240310,1,1,4.42,0
1340,141,20240314,1,1,25.89,1
1341,141,20240317,1,1,23.92,0
1342,141,20240319,2,2,32.69,2
1343,141,20240321,1,1,26.67,1
1344,141,20240325,1,1,32.23,0
1345,141,20240329,1,1,33.96,1
1346,142,20240111,1,1,0.72,0
1347,142,20240124,1,0,7.66,0
1348,142,20240208,1,1,34.61,0
1349,142,20240212,1,1,1.11,0
1350,142,20240229,1,0,71.44,1
1351,142,20240318,1,1,42.58,1
1352,142,20240328,1,0,44.58,0
1353,142,20240330,1,1,10.69,0
1354,143,20240102,1,1,5.52,1
1355,143,20240105,1,1,18.4,0
1356,143,20240108,1,1,74.81,0
1357,143,20240117,1,1,35.8,1
1358,143,20240119,1,1,28.89,0
1359,143,20240205,1,1,46.96,0
1360,143,20240206,1,1,41.8,0
1361,143,20240212,1,0,50.77,1
1362,143,20240227,1,1,74.88,1
1363,143,20240303,1,1,8.44,0
1364,143,20240317,1,1,26.21,1
1365,143,20240320,1,1,11.49,0
1366,143,20240330,1,1,45.31,0
1367,144,20240108,1,1,22.51,1
1368,144,20240110,1,1,56.08,1
1369,144,20240120,1,1,6.0,1
1370,144,20240121,1,1,30.92,1
1371,144,20240210,1,1,31.32,0
1372,144,20240227,1,1,20.17,1
1373,144,20240228,1,1,3.96,0
1374,144,20240229,1,1,30.24,1
1375,144,20240305,1,0,21.77,0
1376,144,20240314,1,1,17.37,0
1377,145,20240102,1,1,15.73,0
1378,145,20240113,2,2,85.30000000000001,2
1379,145,20240115,1,0,7.01,1
1380,145,20240121,1,1,61.44,0
1381,145,20240123,1,1,14.4,0
1382,145,20240124,1,1,19.9,1
1383,145,20240128,1,1,9.42,0
1384,145,20240202,1,0,277.94,0
1385,145,20240215,1,1,14.04,1
1386,145,20240217,1,1,9.58,1
1387,145,20240220,1,0,1.45,0
1388,145,20240310,1,1,15.91,0
1389,145,20240322,1,0,8.41,1
1390,145,20240324,1,1,0.58,0
1391,145,20240325,1,1,22.55,1
1392,145,20240328,1,1,37.96,0
1393,146,20240102,1,1,25.99,0
1394,146,20240112,1,1,12.94,0
1395,146,20240118,1,1,0.62,1
1396,146,20240123,1,1,43.58,0
1397,146,20240206,1,1,27.34,0
1398,146,20240213,1,0,39.09,0
1399,146,20240217,3,3,129.34,3
1400,146,20240227,1,0,12.12,0
1401,146,20240316,1,1,55.29,1
1402,146,20240319,1,1,5.95,1
1403,146,20240324,1,1,10.08,1
1404,147,20240104,1,1,24.07,1
1405,147,20240116,1,1,41.7,0
1406,147,20240118,1,0,27.07,1
1407,147,20240123,1,1,62.95,0
1408,147,20240130,1,1,3.42,1
1409,147,20240203,1,1,50.35,1
1410,147,20240207,1,0,44.96,0
1411,147,20240212,1,1,13.65,0
1412,147,20240224,1,1,5.86,1
1413,147,20240307,1,1,9.89,0
1414,147,20240315,1,1,23.2,0
1415,148,20240109,1,0,10.53,1
1416,148,20240110,1,1,39.53,1
1417,148,20240130,1,0,7.03,1
1418,148,20240203,2,1,21.58,0
1419,148,20240204,1,0,22.74,1
1420,148,20240206,1,1,27.49,0
1421,148,20240216,1,1,18.87,1
1422,148,20240306,2,2,42.230000000000004,0
1423,148,20240322,1,1,7.43,0
1424,149,20240101,1,1,14.06,0
1425,149,20240107,1,1,50.09,1
1426,149,20240120,1,0,20.82,1
1427,149,20240204,1,1,43.41,0
1428,149,20240205,1,0,6.22,0
1429,149,20240207,1,1,25.0,1
1430,149,20240226,1,1,10.89,0
1431,149,20240303,1,1,10.09,0
1432,149,20240311,1,1,9.54,1
1433,149,20240318,1,1,57.39,0
1434,149,20240329,1,1,0.06,0
1435,150,20240113,1,1,49.47,0
1436,150,20240120,1,0,25.56,0
1437,150,20240125,1,1,61.75,1
1438,150,20240131,1,1,9.1,0
1439,150,20240213,1,0,19.24,1
1440,150,20240227,1,1,14.08,1
1441,150,20240229,1,0,1.18,0
1442,150,20240305,1,1,16.07,0
1443,150,20240310,1,0,17.77,1
1444,150,20240311,1,1,19.49,1
1445,150,20240315,1,1,44.67,0
1446,150,20240322,1,1,51.77,1
1447,151,20240107,1,1,6.55,1
1448,151,20240110,1,1,17.4,0
1449,151,20240112,1,1,4.15,0
1450,151,20240127,2,2,51.3,1
1451,151,20240128,1,1,8.0,1
1452,151,20240130,1,0,75.21,0
1453,151,20240202,1,1,7.22,0
1454,151,20240203,1,1,34.28,1
1455,151,20240222,1,1,48.59,0
1456,151,20240223,1,1,9.48,0
1457,151,20240226,1,1,5.3,0
1458,151,20240228,1,0,13.45,0
1459,151,20240310,1,0,21.43,1
1460,152,20240109,1,1,6.37,0
1461,152,20240121,1,0,37.79,1
1462,152,20240204,1,1,85.87,0
1463,152,20240209,1,0,31.09,0
1464,152,20240219,1,0,13.25,0
1465,152,20240222,1,1,0.03,0
1466,152,20240319,2,2,37.34,1
1467,152,20240325,1,0,0.44,0
1468,152,20240331,1,1,14.73,0
1469,153,20240112,1,1,10.21,0
1470,153,20240120,1,1,93.88,1
1471,153,20240121,1,1,0.38,0
1472,153,20240128,1,1,0.5,1
1473,153,20240205,1,1,20.4,0
1474,153,20240213,1,1,26.81,0
1475,153,20240214,1,1,58.71,1
1476,153,20240229,1,1,79.1,0
1477,153,20240310,1,1,4.57,0
1478,153,20240317,1,1,94.01,1
1479,153,20240319,1,0,1.07,0
1480,153,20240321,1,1,25.83,1
1481,154,20240101,1,1,0.07,0
1482,154,20240107,1,1,37.82,1
1483,154,20240114,1,1,23.5,0
1484,154,20240119,1,0,44.85,1
1485,154,20240123,1,1,62.82,0
1486,154,20240126,1,1,41.17,0
1487,154,20240205,1,1,9.69,0
1488,154,20240219,1,1,3.75,1
1489,154,20240221,1,1,113.42,1
1490,154,20240223,1,1,4.91,1
1491,154,20240301,1,1,45.39,0
1492,154,20240304,1,1,26.31,0
1493,154,20240310,1,0,13.58,0
1494,154,20240317,1,1,63.09,0
1495,154,20240330,1,1,71.88,0
1496,155,20240101,2,2,35.0,2
1497,155,20240116,1,1,18.48,0
1498,155,20240122,1,1,7.25,0
1499,155,20240130,1,1,6.87,1
1500,155,20240204,1,1,22.08,0
1501,155,20240224,1,0,15.12,0
1502,155,20240328,1,1,14.52,0
1503,156,20240103,1,1,41.23,0
1504,156,20240107,1,1,59.24,1
1505,156,20240211,1,1,11.49,1
1506,156,20240217,1,1,40.04,0
1507,156,20240221,1,0,13.59,0
1508,156,20240308,1,1,57.12,1
1509,156,20240325,1,1,46.99,0
1510,157,20240102,1,1,5.82,1
1511,157,20240131,1,0,94.35,0
1512,157,20240208,1,1,120.3,0
1513,157,20240215,2,2,43.33,2
1514,157,20240224,1,1,108.06,1
1515,157,20240229,1,1,97.29,1
1516,157,20240313,1,1,24.14,0
1517,157,20240325,1,1,8.04,0
1518,158,20240111,1,1,6.98,0
1519,158,20240125,1,1,0.14,0
1520,158,20240128,1,0,19.89,0
1521,158,20240130,1,1,22.75,0
1522,158,20240131,1,1,8.5,0
1523,158,20240202,1,0,3.8,1
1524,158,20240205,1,1,19.39,0
1525,158,20240206,1,1,14.41,0
1526,158,20240211,1,1,52.92,0
1527,158,20240217,1,1,19.82,0
1528,158,20240226,1,0,25.95,0
1529,158,20240316,1,1,45.83,0
1530,158,20240317,1,0,15.66,1
1531,159,20240118,1,1,0.4,0
1532,159,20240206,1,1,35.8,1
1533,159,20240213,1,0,5.87,1
1534,159,20240215,1,1,10.59,1
1535,159,20240222,1,1,13.47,0
1536,159,20240304,1,1,12.32,0
1537,159,20240313,1,1,16.36,0
1538,159,20240326,1,1,5.34,0
1539,160,20240102,1,0,47.77,0
1540,160,20240105,1,1,11.04,1
1541,160,20240111,1,1,35.44,0
1542,160,20240119,1,1,55.43,1
1543,160,20240206,1,1,31.13,0
1544,160,20240209,1,1,22.28,0
1545,160,20240211,1,1,2.57,0
1546,160,20240308,1,1,11.88,1
1547,160,20240309,1,1,4.51,0
1548,160,20240314,1,1,24.8,0
1549,160,20240328,1,1,30.06,1
1550,161,20240101,1,1,13.16,0
1551,161,20240108,1,1,87.54,1
1552,161,20240117,1,1,26.0,1
1553,161,20240119,1,0,38.31,1
1554,161,20240123,1,1,5.67,0
1555,161,20240131,1,0,23.31,0
1556,161,20240208,1,0,8.95,1
1557,161,20240211,1,0,26.96,0
1558,161,20240212,1,1,0.71,1
1559,161,20240216,1,1,26.31,1
1560,161,20240226,1,0,6.16,1
1561,161,20240228,1,1,91.17,1
1562,161,20240303,1,1,102.47,0
1563,161,20240305,1,1,17.87,0
1564,162,20240106,1,1,36.36,0
1565,162,20240109,1,0,3.91,0
1566,162,20240209,1,1,26.29,1
1567,162,20240213,2,2,50.23,1
1568,162,20240301,1,1,4.72,0
1569,162,20240317,1,0,67.18,0
1570,163,20240104,1,0,36.91,1
1571,163,20240126,1,1,46.2,1
1572,163,20240216,1,1,7.76,0
1573,163,20240223,1,0,5.88,0
1574,163,20240225,1,0,64.18,0
1575,163,20240316,1,1,19.39,0
1576,163,20240317,1,1,0.69,1
1577,163,20240325,1,1,1.86,0
1578,164,20240104,1,1,2.63,0
1579,164,20240108,1,1,24.96,1
1580,164,20240126,1,1,51.87,0
1581,164,20240128,1,1,7.03,1
1582,164,20240129,1,1,25.15,0
1583,164,20240130,1,1,21.77,0
1584,164,20240207,1,1,12.66,1
1585,164,20240217,1,1,0.07,0
1586,164,20240308,1,1,94.02,0
1587,164,20240312,1,1,2.63,1
1588,164,20240315,1,0,7.77,1
1589,164,20240326,1,1,19.97,0
1590,164,20240331,1,1,20.7,0
1591,165,20240107,1,0,26.47,0
1592,165,20240113,1,0,3.57,0
1593,165,20240131,1,1,3.63,0
1594,165,20240213,1,1,105.02,0
1595,165,20240215,1,1,20.85,1
1596,165,20240218,1,0,0.45,1
1597,165,20240220,1,1,10.09,0
1598,166,20240104,1,1,84.38,0
1599,166,20240110,1,1,28.13,0
1600,166,20240116,1,1,18.58,1
1601,166,20240118,1,1,2.64,0
1602,166,20240127,1,1,1.02,0
1603,166,20240205,1,0,27.48,0
1604,166,20240213,1,1,13.55,0
1605,166,20240217,1,1,11.47,0
1606,166,20240220,1,1,25.29,0
1607,166,20240226,1,1,0.44,1
1608,166,20240311,1,1,52.71,0
1609,166,20240320,1,1,4.32,0
1610,166,20240330,2,1,77.55,1
1611,166,20240331,1,0,1.64,1
1612,167,20240106,1,1,82.76,0
1613,167,20240122,1,1,28.11,0
1614,167,20240223,1,1,16.77,0
1615,167,20240306,1,0,33.6,1
1616,167,20240307,1,1,26.28,0
1617,167,20240308,1,1,18.88,1
1618,167,20240310,1,1,13.24,1
1619,168,20240108,1,1,15.78,1
1620,168,20240111,2,1,22.92,0
1621,168,20240113,1,1,6.32,0
1622,168,20240116,1,0,76.69,0
1623,168,20240124,1,1,46.56,1
1624,168,20240219,1,1,36.82,1
1625,168,20240221,2,2,123.66999999999999,1
1626,168,20240321,1,1,6.3,1
1627,169,20240101,1,0,31.92,0
1628,169,20240102,1,1,4.25,1
1629,169,20240113,1,1,22.34,1
1630,169,20240224,2,2,18.900000000000002,1
1631,169,20240323,1,1,23.57,0
1632,169,20240324,1,0,47.71,0
1633,169,20240328,1,1,1.24,0
1634,170,20240106,1,1,14.5,1
1635,170,20240107,1,0,29.45,0
1636,170,20240115,1,1,101.28,0
1637,170,20240214,1,1,58.94,1
1638,170,20240218,1,1,19.06,1
1639,170,20240221,1,1,21.49,0
1640,170,20240223,1,0,11.17,0
1641,170,20240227,1,0,8.1,0
1642,170,20240304,1,0,5.86,1
1643,170,20240325,1,1,38.78,0
1644,171,20240110,1,1,23.8,0
1645,171,20240113,1,1,9.42,1
1646,171,20240120,1,1,15.94,1
1647,171,20240124,1,1,84.04,0
1648,171,20240131,1,0,21.76,0
1649,171,20240306,1,1,15.19,0
1650,171,20240318,2,1,50.65,0
1651,171,20240322,1,1,14.95,0
1652,171,20240326,1,1,0.54,1
1653,172,20240114,1,1,13.6,0
1654,172,20240121,1,1,36.94,0
1655,172,20240123,1,1,16.81,0
1656,172,20240130,2,2,54.959999999999994,2
1657,172,20240218,1,1,8.56,1
1658,172,20240228,1,1,10.94,0
1659,172,20240310,1,1,16.79,1
1660,172,20240315,1,0,43.08,0
1661,172,20240323,1,1,27.07,0
1662,172,20240328,1,1,8.78,0
1663,173,20240108,1,1,5.8,0
1664,173,20240112,2,2,23.759999999999998,0
1665,173,20240116,1,0,31.7,0
1666,173,20240123,2,1,36.6,1
1667,173,20240124,1,1,27.08,0
1668,173,20240129,1,1,2.03,0
1669,173,20240226,1,1,41.44,0
1670,173,20240304,2,2,65.43,0
1671,173,20240305,1,0,11.56,0
1672,174,20240117,1,0,10.79,0
1673,174,20240127,1,1,52.6,0
1674,174,20240219,1,1,110.8,0
1675,174,20240220,1,1,13.86,0
1676,174,20240227,1,1,37.87,0
1677,174,20240304,1,1,21.46,0
1678,175,20240122,1,1,25.85,0
1679,175,20240123,2,2,12.41,0
1680,175,20240207,1,1,1.84,0
1681,175,20240225,1,0,29.0,1
1682,175,20240313,1,1,46.95,0
1683,175,20240326,1,1,3.68,1
1684,176,20240108,1,1,86.83,0
1685,176,20240112,1,1,58.73,0
1686,176,20240124,1,1,3.02,0
1687,176,20240128,1,1,20.97,0
1688,176,20240206,1,1,8.4,0
1689,176,20240211,1,1,8.33,1
1690,176,20240219,1,0,21.48,0
1691,176,20240223,1,0,27.87,1
1692,176,20240328,1,0,36.97,0
1693,177,20240105,1,1,4.81,0
1694,177,20240113,2,1,70.19,1
1695,177,20240201,1,0,35.32,0
1696,177,20240212,1,0,26.9,0
1697,177,20240216,1,1,36.54,0
1698,177,20240217,1,1,84.84,0
1699,177,20240312,1,0,9.07,0
1700,177,20240324,1,0,51.7,0
1701,177,20240329,1,1,15.98,1
1702,178,20240112,1,0,6.24,1
1703,178,20240120,1,1,8.51,0
1704,178,20240213,1,0,16.1,0
1705,178,20240216,1,1,17.2,1
1706,178,20240224,1,1,9.88,0
1707,178,20240226,1,1,23.63,1
1708,178,20240307,1,1,29.61,1
1709,178,20240309,1,1,25.69,0
1710,178,20240325,1,1,27.58,1
1711,178,20240329,1,1,149.54,0
1712,179,20240103,1,0,129.68,1
1713,179,20240116,1,0,50.13,0
1714,179,20240121,1,0,3.01,1
1715,179,20240123,1,1,23.83,1
1716,179,20240127,1,1,61.02,0
1717,179,20240130,1,1,22.87,0
1718,179,20240131,1,1,43.2,1
1719,179,20240213,1,0,44.9,1
1720,179,20240221,1,0,100.14,1
1721,179,20240224,1,1,20.83,0
1722,179,20240229,1,1,1.11,1
1723,179,20240311,1,1,23.94,1
1724,179,20240315,1,1,7.18,1
1725,179,20240316,1,1,0.23,1
1726,179,20240318,1,1,2.96,0
1727,179,20240319,1,1,11.02,1
1728,180,20240106,1,1,123.52,1
1729,180,20240111,1,1,78.06,1
1730,180,20240124,1,1,7.53,0
1731,180,20240125,1,1,15.32,0
1732,180,20240207,1,1,4.77,0
1733,180,20240211,1,1,14.78,0
1734,180,20240227,1,1,40.17,0
1735,180,20240314,1,1,13.45,0
1736,181,20240101,1,0,1.73,1
1737,181,20240103,1,1,13.06,1
1738,181,20240115,1,1,63.44,0
1739,181,20240128,1,0,6.62,0
1740,181,20240209,1,1,8.52,0
1741,181,20240302,2,2,28.85,1
1742,181,20240311,1,1,60.13,0
1743,181,20240317,1,1,1.91,1
1744,182,20240111,1,0,10.4,1
1745,182,20240112,1,1,23.29,0
1746,182,20240115,1,1,28.72,1
1747,182,20240125,1,1,44.75,0
1748,182,20240131,1,1,26.65,0
1749,182,20240229,1,1,104.39,1
1750,182,20240318,1,1,5.02,0
1751,183,20240202,1,0,36.04,0
1752,183,20240204,1,0,50.32,1
1753,183,20240307,1,0,17.74,1
1754,183,20240322,1,1,14.19,1
1755,183,20240324,1,0,48.02,1
1756,184,20240110,2,2,32.89,0
1757,184,20240116,2,2,30.2,1
1758,184,20240124,1,1,44.27,1
1759,184,20240202,1,1,57.14,1
1760,184,20240212,1,1,30.0,0
1761,184,20240219,1,1,9.82,0
1762,184,20240307,1,1,25.34,0
1763,184,20240316,1,0,13.25,0
1764,184,20240322,2,1,9.64,0
1765,185,20240112,1,1,28.34,0
1766,185,20240114,1,0,28.01,1
1767,185,20240119,1,1,13.02,0
1768,185,20240125,1,1,24.44,0
1769,185,20240126,1,1,46.43,0
1770,185,20240127,1,1,1.96,0
1771,185,20240131,1,1,24.74,1
1772,185,20240229,1,1,176.64,1
1773,185,20240305,1,1,36.16,0
1774,186,20240123,1,1,137.82,0
1775,186,20240201,1,1,10.45,0
1776,186,20240227,1,1,27.14,0
1777,186,20240308,1,1,5.18,0
1778,186,20240309,1,1,0.5,1
1779,186,20240321,1,1,42.69,0
1780,186,20240323,1,1,12.1,0
1781,186,20240330,1,1,11.39,0
1782,187,20240111,1,1,45.77,0
1783,187,20240121,1,1,0.19,0
1784,187,20240122,1,1,13.18,1
1785,187,20240128,1,0,50.0,1
1786,187,20240131,1,0,46.97,1
1787,187,20240210,1,1,6.94,0
1788,187,20240303,1,0,39.14,0
1789,187,20240304,1,1,6.78,1
1790,187,20240306,1,0,44.05,1
1791,187,20240315,1,1,3.43,0
1792,187,20240326,1,1,62.78,0
1793,188,20240107,1,1,1.85,0
1794,188,20240120,1,1,4.79,1
1795,188,20240124,1,1,47.73,0
1796,188,20240125,1,1,60.04,1
1797,188,20240202,1,1,82.48,0
1798,188,20240218,2,2,8.29,1
1799,188,20240223,1,1,20.9,1
1800,188,20240303,1,1,11.3,0
1801,188,20240316,1,0,27.34,0
1802,189,20240105,1,1,9.56,0
1803,189,20240110,1,1,6.71,1
1804,189,20240117,1,1,13.04,0
1805,189,20240123,1,0,16.72,0
1806,189,20240302,1,1,9.11,0
1807,189,20240317,1,0,21.96,1
1808,189,20240322,1,1,14.73,1
1809,189,20240323,1,1,12.64,0
1810,189,20240330,1,1,1.46,0
1811,190,20240110,2,1,47.92,1
1812,190,20240129,1,1,14.38,1
1813,190,20240206,1,1,10.5,0
1814,190,20240207,1,1,19.3,1
1815,190,20240217,1,1,0.25,0
1816,190,20240315,2,2,160.64,1
1817,190,20240317,1,1,45.57,0
1818,190,20240320,1,1,5.91,0
1819,190,20240323,1,1,59.0,0
1820,191,20240109,1,0,9.44,0
1821,191,20240117,1,1,8.4,0
1822,191,20240124,1,1,1.84,1
1823,191,20240131,1,1,19.51,1
1824,191,20240204,1,1,16.06,0
1825,191,20240303,1,1,1.91,1
1826,192,20240104,1,1,57.09,1
1827,192,20240108,1,1,5.23,1
1828,192,20240209,1,1,34.72,0
1829,192,20240211,1,1,25.53,0
1830,192,20240225,1,1,68.47,0
1831,192,20240306,1,1,57.8,1
1832,192,20240315,1,1,17.71,1
1833,192,20240322,1,0,10.37,0
1834,192,20240327,1,0,27.75,0
1835,193,20240121,1,1,7.58,0
1836,193,20240122,1,0,26.06,1
1837,193,20240208,2,2,51.53,0
1838,193,20240306,1,1,19.24,0
1839,193,20240315,1,1,6.66,0
1840,193,20240320,1,1,23.26,1
1841,193,20240325,1,1,15.85,0
1842,194,20240102,1,1,6.44,0
1843,194,20240112,1,1,15.12,1
1844,194,20240120,1,1,32.24,0
1845,194,20240209,1,0,8.97,1
1846,194,20240221,1,1,3.35,1
1847,194,20240222,1,1,25.27,0
1848,194,20240223,1,1,86.54,0
1849,194,20240227,1,0,28.43,0
1850,194,20240301,2,2,85.97999999999999,0
1851,194,20240303,1,1,22.02,1
1852,194,20240308,1,0,19.8,0
1853,194,20240318,1,1,8.98,0
1854,194,20240327,1,1,94.25,0
1855,195,20240107,1,1,5.39,1
1856,195,20240117,1,1,11.75,1
1857,195,20240124,1,1,9.18,0
1858,195,20240126,1,1,29.16,0
1859,195,20240211,1,1,2.39,0
1860,195,20240228,1,1,15.72,0
1861,195,20240301,1,0,54.84,0
1862,195,20240322,1,1,2.77,0
1863,196,20240109,1,1,2.69,1
1864,196,20240113,1,1,16.53,0
1865,196,20240120,1,1,3.91,1
1866,196,20240128,1,1,1.49,1
1867,196,20240201,1,0,1.39,1
1868,196,20240225,1,1,9.06,1
1869,196,20240302,1,1,117.69,1
1870,196,20240310,1,0,81.08,0
1871,196,20240314,1,1,9.97,1
1872,197,20240122,1,1,10.32,1
1873,197,20240124,1,0,27.21,1
1874,197,20240127,1,1,2.64,1
1875,197,20240212,1,1,23.54,1
1876,197,20240301,1,1,26.23,1
1877,197,20240324,1,1,21.51,1
1878,198,20240112,2,2,36.6,2
1879,198,20240117,1,1,45.54,0
1880,198,20240125,1,1,78.16,0
1881,198,20240126,1,1,56.43,1
1882,198,20240129,1,1,16.04,0
1883,198,20240131,1,1,46.39,1
1884,198,20240208,1,1,12.64,0
1885,198,20240223,1,1,16.48,1
1886,198,20240224,1,1,15.74,1
1887,198,20240305,1,1,27.16,0
1888,198,20240321,1,1,14.54,0
1889,198,20240322,1,0,38.48,0
1890,199,20240105,1,1,7.71,0
1891,199,20240116,2,2,35.5,0
1892,199,20240118,1,0,35.96,0
1893,199,20240120,1,0,0.0,0
1894,199,20240208,1,1,14.61,0
1895,199,20240217,1,1,0.86,0
1896,199,20240220,1,1,35.6,0
1897,199,20240303,1,1,9.08,0
1898,199,20240307,1,0,0.12,0
1899,199,20240321,1,1,19.9,0
1900,199,20240330,1,1,3.07,0
1901,200,20240104,1,1,0.79,0
1902,200,20240131,1,1,7.03,0
1903,200,20240214,2,1,56.68,1
1904,200,20240223,1,1,9.35,0
1905,200,20240320,1,0,4.93,1
1906,200,20240323,1,1,54.3,1
1907,200,20240326,1,1,23.46,0
