driver_daily_id,driver_id,date_id,trips_completed,hours_active,earnings,incentives_earned
1,1,20240101,1,0.38,13.19,2.51
2,1,20240102,1,0.55,20.26,0.0
3,1,20240106,0,0.0,2.24,2.4
4,1,20240109,0,0.0,23.92,1.93
5,1,20240110,2,1.11,75.05,1.83
6,1,20240115,1,0.46,63.89,2.31
7,1,20240120,3,1.23,59.7,2.55
8,1,20240121,1,0.31,36.94,0.0
9,1,20240131,1,0.31,28.05,0.0
10,1,20240204,1,0.38,148.48,3.29
11,1,20240207,0,0.0,44.96,0.0
12,1,20240216,2,1.0,16.4,0.0
13,1,20240220,1,0.47,35.44,0.0
14,1,20240223,0,0.0,51.48,0.0
15,1,20240224,1,0.59,11.45,4.68
16,1,20240227,1,0.35,14.08,1.89
17,1,20240228,1,0.4,0.79,0.0
18,1,20240301,1,0.54,10.04,0.0
19,1,20240302,1,0.45,9.8,0.0
20,1,20240308,1,0.55,42.86,0.0
21,1,20240309,1,0.42,84.36,0.0
22,1,20240311,1,0.42,19.49,3.71
23,1,20240313,3,1.49,38.69,4.14
24,1,20240318,0,0.0,1.89,3.62
25,1,20240320,1,0.48,39.9,2.71
26,1,20240322,2,0.77,103.05,0.0
27,1,20240328,1,0.53,66.44,0.0
28,1,20240331,1,0.56,14.73,0.0
29,2,20240104,1,0.55,84.38,0.0
30,2,20240105,1,0.49,3.79,2.08
31,2,20240106,1,0.51,6.84,3.12
32,2,20240107,2,0.95,56.64,8.0
33,2,20240109,1,0.5,72.11,0.0
34,2,20240110,1,0.35,39.61,2.24
35,2,20240113,0,0.0,59.39,0.0
36,2,20240115,0,0.0,91.19,0.0
37,2,20240116,1,0.49,15.36,0.0
38,2,20240119,1,0.46,12.18,0.0
39,2,20240121,1,0.53,18.72,0.0
40,2,20240127,1,0.53,15.62,4.56
41,2,20240128,1,0.38,6.13,0.0
42,2,20240202,1,0.33,62.230000000000004,0.0
43,2,20240204,1,0.37,40.49,2.35
44,2,20240205,1,0.6,46.96,0.0
45,2,20240206,1,0.43,23.1,0.0
46,2,20240207,1,0.39,7.02,0.0
47,2,20240213,0,0.0,1.33,0.0
48,2,20240220,1,0.4,8.34,0.0
49,2,20240222,1,0.55,11.79,0.0
50,2,20240223,0,0.0,3.55,0.0
51,2,20240227,1,0.51,0.72,0.0
52,2,20240302,1,0.3,10.49,0.0
53,2,20240305,0,0.0,11.56,0.0
54,2,20240307,1,0.49,25.34,0.0
55,2,20240308,1,0.54,3.31,0.0
56,2,20240310,1,0.51,62.45,3.94
57,2,20240314,1,0.59,101.31,0.0
58,2,20240317,1,0.46,28.48,0.0
59,2,20240331,1,0.54,8.02,0.0
60,3,20240102,1,0.48,32.3,0.0
61,3,20240108,1,0.58,104.42,4.95
62,3,20240109,1,0.4,46.89,0.0
63,3,20240110,1,0.34,6.71,1.89
64,3,20240121,2,0.66,28.220000000000002,4.82
65,3,20240126,1,0.33,10.87,2.51
66,3,20240129,1,0.33,0.42,1.14
67,3,20240131,0,0.0,2.81,2.91
68,3,20240202,1,0.44,5.49,0.0
69,3,20240203,1,0.46,15.01,0.0
70,3,20240210,1,0.48,7.64,2.05
71,3,20240211,2,0.68,39.85,2.15
72,3,20240212,1,0.32,14.510000000000002,9.190000000000001
73,3,20240213,1,0.33,105.02,0.0
74,3,20240215,1,0.49,63.56,4.19
75,3,20240219,1,0.53,3.75,1.94
76,3,20240225,0,0.0,61.0,0.0
77,3,20240226,0,0.0,6.16,3.28
78,3,20240304,1,0.43,4.73,3.75
79,3,20240305,1,0.46,41.55,1.55
80,3,20240310,2,0.84,39.78,4.02
81,3,20240312,1,0.49,0.52,2.41
82,3,20240321,1,0.54,75.25,3.12
83,3,20240323,2,0.64,56.48,0.0
84,3,20240328,3,1.37,22.95,3.42
85,3,20240330,2,0.79,39.14,4.1
86,4,20240101,1,0.39,50.94,0.0
87,4,20240102,1,0.34,4.25,2.17
88,4,20240103,1,0.45,28.77,2.13
89,4,20240106,1,0.5,104.18,0.0
90,4,20240108,2,0.74,34.62,7.38
91,4,20240112,0,0.0,11.69,3.09
92,4,20240113,1,0.31,15.870000000000001,0.0
93,4,20240115,1,0.48,27.42,0.0
94,4,20240120,0,0.0,25.56,0.0
95,4,20240121,0,0.0,25.45,0.0
96,4,20240122,1,0.36,32.09,2.37
97,4,20240124,1,0.52,3.02,0.0
98,4,20240125,1,0.57,52.3,0.0
99,4,20240126,1,0.44,3.0,1.49
100,4,20240127,1,0.34,1.96,0.0
101,4,20240128,1,0.54,9.38,2.47
102,4,20240129,2,0.75,135.33,3.13
103,4,20240203,1,0.48,12.54,0.0
104,4,20240206,1,0.47,12.67,3.31
105,4,20240212,1,0.59,87.03,5.17
106,4,20240213,0,0.0,0.69,0.0
107,4,20240214,1,0.55,58.94,3.01
108,4,20240216,2,0.95,55.41,1.96
109,4,20240219,0,0.0,31.49,3.49
110,4,20240220,0,0.0,1.45,0.0
111,4,20240221,2,0.9,55.29,0.0
112,4,20240224,1,0.44,3.18,3.21
113,4,20240227,1,0.49,11.94,0.0
114,4,20240228,1,0.57,35.0,3.87
115,4,20240303,1,0.47,29.48,0.0
116,4,20240307,1,0.55,13.46,0.0
117,4,20240310,1,0.41,13.24,3.15
118,4,20240313,2,0.78,31.18,1.65
119,4,20240315,2,0.77,14.91,4.17
120,4,20240316,1,0.48,21.47,2.02
121,4,20240317,1,0.55,63.09,0.0
122,4,20240318,1,0.51,2.96,0.0
123,4,20240326,1,0.4,68.17,4.37
124,4,20240328,1,0.3,30.06,4.08
125,5,20240110,1,0.36,117.44,2.46
126,5,20240113,2,1.08,95.39,6.17
127,5,20240119,0,0.0,77.01,0.0
128,5,20240120,0,0.0,45.91,4.98
129,5,20240122,0,0.0,26.06,2.88
130,5,20240123,1,0.47,16.81,0.0
131,5,20240125,1,0.41,32.45,0.0
132,5,20240126,1,0.34,28.13,2.21
133,5,20240128,1,0.57,1.66,0.0
134,5,20240130,1,0.51,4.67,3.15
135,5,20240131,1,0.59,3.63,0.0
136,5,20240202,1,0.45,20.74,0.0
137,5,20240204,1,0.55,20.39,0.0
138,5,20240207,1,0.33,230.9,7.47
139,5,20240208,0,0.0,20.44,0.0
140,5,20240210,1,0.52,18.73,1.79
141,5,20240215,0,0.0,5.0,3.56
142,5,20240217,1,0.56,10.67,3.44
143,5,20240218,1,0.33,49.07,2.36
144,5,20240222,1,0.36,13.47,0.0
145,5,20240227,0,0.0,12.12,0.0
146,5,20240305,1,0.41,23.020000000000003,0.0
147,5,20240308,0,0.0,13.01,0.0
148,5,20240314,1,0.47,8.31,0.0
149,5,20240318,1,0.31,57.39,0.0
150,5,20240319,1,0.58,62.95,0.0
151,5,20240320,1,0.57,4.32,0.0
152,5,20240324,1,0.31,27.19,1.36
153,5,20240331,1,0.32,17.98,0.0
154,6,20240108,2,1.12,99.77000000000001,3.84
155,6,20240109,0,0.0,48.55,0.0
156,6,20240113,2,0.95,74.49000000000001,3.09
157,6,20240114,0,0.0,7.73,0.0
158,6,20240115,3,1.12,67.39999999999999,1.14
159,6,20240117,1,0.51,35.8,2.33
160,6,20240123,2,0.79,25.69,1.15
161,6,20240124,1,0.49,11.56,2.53
162,6,20240125,1,0.49,56.83,0.0
163,6,20240127,1,0.55,52.6,0.0
164,6,20240128,0,0.0,50.0,1.32
165,6,20240201,1,0.47,10.45,0.0
166,6,20240202,1,0.45,57.14,4.79
167,6,20240203,1,0.35,57.19,1.35
168,6,20240206,1,0.54,41.8,0.0
169,6,20240210,1,0.42,31.32,0.0
170,6,20240211,2,0.89,64.41,4.17
171,6,20240215,1,0.53,76.63,1.87
172,6,20240217,2,1.13,38.66,1.71
173,6,20240218,1,0.46,21.86,0.0
174,6,20240221,1,0.38,75.94,1.54
175,6,20240226,1,0.35,54.5,0.0
176,6,20240305,0,0.0,21.06,0.0
177,6,20240309,0,0.0,33.76,2.9
178,6,20240311,2,0.75,96.46000000000001,0.0
179,6,20240313,1,0.46,123.63,0.0
180,6,20240323,1,0.56,1.01,0.0
181,6,20240326,1,0.46,14.37,0.0
182,6,20240330,1,0.49,6.19,2.39
183,7,20240103,1,0.52,41.56,0.0
184,7,20240110,0,0.0,8.63,2.53
185,7,20240117,1,0.49,35.8,2.17
186,7,20240122,1,0.33,25.85,0.0
187,7,20240125,1,0.58,41.31,0.0
188,7,20240127,1,0.58,1.02,0.0
189,7,20240202,1,0.47,9.09,0.0
190,7,20240205,0,0.0,17.08,3.3
191,7,20240208,1,0.55,60.77,0.0
192,7,20240210,1,0.3,75.79,4.28
193,7,20240213,0,0.0,39.09,0.0
194,7,20240216,1,0.41,7.76,0.0
195,7,20240223,2,0.94,34.57,2.41
196,7,20240224,1,0.49,16.28,1.58
197,7,20240227,1,0.47,2.08,0.0
198,7,20240229,1,0.42,79.1,0.0
199,7,20240302,1,0.47,4.71,1.93
200,7,20240305,0,0.0,15.13,2.56
201,7,20240308,2,0.73,66.27,6.45
202,7,20240309,1,0.35,16.6,0.0
203,7,20240314,0,0.0,45.57,2.39
204,7,20240321,1,0.31,19.9,0.0
205,7,20240325,0,0.0,20.04,0.0
206,7,20240328,1,0.59,55.18,0.0
207,7,20240331,2,1.07,37.69,2.37
208,8,20240106,1,0.43,16.82,0.0
209,8,20240114,0,0.0,15.58,0.0
210,8,20240116,1,0.51,6.71,2.02
211,8,20240118,1,0.52,4.6,0.0
212,8,20240120,3,1.13,133.45999999999998,10.65
213,8,20240127,3,1.67,55.980000000000004,5.02
214,8,20240130,2,0.73,82.81,5.01
215,8,20240201,0,0.0,35.32,0.0
216,8,20240202,1,0.36,3.91,1.03
217,8,20240205,3,1.8,83.34,2.78
218,8,20240211,1,0.35,13.32,0.0
219,8,20240213,2,0.9,66.56,0.0
220,8,20240216,2,0.73,83.00999999999999,3.51
221,8,20240219,1,0.57,36.82,3.01
222,8,20240225,1,0.59,17.49,0.0
223,8,20240226,1,0.56,10.89,0.0
224,8,20240302,2,0.87,17.36,6.37
225,8,20240303,1,0.31,102.47,0.0
226,8,20240305,0,0.0,33.06,1.98
227,8,20240306,2,1.19,30.3,5.97
228,8,20240310,2,0.92,133.32999999999998,6.25
229,8,20240311,1,0.42,22.55,0.0
230,8,20240317,1,0.54,47.66,0.0
231,8,20240320,1,0.52,40.03,0.0
232,8,20240322,1,0.42,0.65,1.01
233,8,20240323,1,0.5,8.86,3.34
234,8,20240327,2,0.69,48.06,0.0
235,8,20240329,1,0.53,32.11,0.0
236,8,20240331,1,0.57,7.29,0.0
237,9,20240103,0,0.0,13.51,1.86
238,9,20240104,3,1.22,11.84,0.0
239,9,20240105,1,0.49,9.56,0.0
240,9,20240109,1,0.57,11.7,0.0
241,9,20240110,1,0.39,28.13,0.0
242,9,20240115,1,0.35,4.39,1.39
243,9,20240119,1,0.57,26.56,4.4
244,9,20240120,1,0.34,6.0,1.9
245,9,20240126,0,0.0,184.02,0.0
246,9,20240128,1,0.34,4.54,3.83
247,9,20240202,1,0.35,25.51,0.0
248,9,20240203,1,0.57,38.769999999999996,3.28
249,9,20240207,1,0.35,19.3,4.8
250,9,20240210,1,0.36,14.84,4.2
251,9,20240216,1,0.44,6.12,0.0
252,9,20240223,1,0.44,9.48,0.0
253,9,20240226,1,0.45,19.97,0.0
254,9,20240302,1,0.48,11.17,3.07
255,9,20240304,2,0.74,35.11,0.0
256,9,20240307,1,0.51,2.0,4.52
257,9,20240311,1,0.47,15.33,1.61
258,9,20240312,2,0.8,156.46,0.0
259,9,20240313,1,0.6,11.91,0.0
260,9,20240315,0,0.0,57.44,0.0
261,9,20240316,1,0.44,36.379999999999995,2.74
262,9,20240319,1,0.59,26.68,0.0
263,9,20240321,3,1.32,58.0,1.29
264,9,20240322,1,0.47,14.29,3.51
265,9,20240325,1,0.46,27.58,1.31
266,9,20240326,1,0.54,21.29,3.03
267,10,20240102,1,0.37,15.73,0.0
268,10,20240109,0,0.0,12.99,0.0
269,10,20240117,1,0.43,10.09,0.0
270,10,20240120,1,0.36,32.24,0.0
271,10,20240124,2,0.8,36.0,0.0
272,10,20240125,1,0.33,41.19,0.0
273,10,20240129,1,0.4,10.51,0.0
274,10,20240130,1,0.46,8.66,3.05
275,10,20240201,1,0.5,1.47,0.0
276,10,20240202,1,0.3,278.98,0.0
277,10,20240205,1,0.53,48.74,0.0
278,10,20240210,1,0.55,1.85,4.47
279,10,20240218,1,0.39,2.96,0.0
280,10,20240222,1,0.35,9.98,0.0
281,10,20240223,0,0.0,5.88,0.0
282,10,20240227,0,0.0,37.6,2.42
283,10,20240302,2,0.99,33.65,0.0
284,10,20240304,1,0.44,5.2,0.0
285,10,20240310,0,0.0,7.35,0.0
286,10,20240311,2,0.81,88.13,1.46
287,10,20240312,0,0.0,2.59,1.73
288,10,20240315,0,0.0,7.44,0.0
289,10,20240316,1,0.54,43.7,0.0
290,10,20240317,0,0.0,122.98,0.0
291,10,20240319,1,0.52,19.62,0.0
292,10,20240321,0,0.0,6.57,0.0
293,10,20240322,1,0.52,51.77,1.45
294,10,20240326,2,1.11,40.370000000000005,0.0
295,10,20240331,0,0.0,78.23,2.71
296,11,20240101,1,0.35,13.16,0.0
297,11,20240103,0,0.0,57.24,1.13
298,11,20240111,1,0.37,76.8,0.0
299,11,20240112,1,0.53,62.14,0.0
300,11,20240114,1,0.45,7.93,0.0
301,11,20240115,1,0.56,50.739999999999995,6.73
302,11,20240120,0,0.0,0.0,0.0
303,11,20240121,1,0.39,9.13,0.0
304,11,20240124,1,0.55,9.18,0.0
305,11,20240125,1,0.59,5.51,4.84
306,11,20240128,1,0.47,20.97,0.0
307,11,20240131,2,1.14,10.11,2.16
308,11,20240203,1,0.42,5.61,4.78
309,11,20240204,1,0.36,85.87,0.0
310,11,20240212,1,0.58,0.35,4.85
311,11,20240219,1,0.37,67.71,0.0
312,11,20240220,1,0.5,15.44,0.0
313,11,20240225,1,0.42,81.44,2.11
314,11,20240227,1,0.34,19.13,0.0
315,11,20240229,1,0.57,73.62,3.6
316,11,20240302,1,0.58,15.129999999999999,4.89
317,11,20240303,1,0.3,24.72,3.25
318,11,20240304,0,0.0,7.09,0.0
319,11,20240305,1,0.49,52.56,0.0
320,11,20240306,0,0.0,33.6,3.77
321,11,20240310,0,0.0,0.99,0.0
322,11,20240311,1,0.53,18.65,3.48
323,11,20240312,1,0.53,15.71,0.0
324,11,20240314,2,1.08,8.06,2.28
325,11,20240316,1,0.34,45.83,0.0
326,11,20240317,1,0.5,17.99,0.0
327,11,20240320,0,0.0,4.91,0.0
328,11,20240321,1,0.35,31.99,0.0
329,11,20240322,0,0.0,10.37,0.0
330,11,20240323,1,0.41,47.03,0.0
331,11,20240327,1,0.57,51.260000000000005,0.0
332,11,20240328,1,0.38,21.73,0.0
333,11,20240329,2,1.01,48.07,3.34
334,12,20240101,1,0.48,5.78,3.1
335,12,20240105,1,0.41,62.83,0.0
336,12,20240109,1,0.37,21.11,3.29
337,12,20240111,3,1.38,65.49000000000001,1.19
338,12,20240124,1,0.54,46.56,4.3
339,12,20240125,1,0.34,0.14,0.0
340,12,20240129,1,0.3,14.78,2.67
341,12,20240130,0,0.0,75.21,0.0
342,12,20240201,1,0.33,1.66,0.0
343,12,20240202,0,0.0,54.93,0.0
344,12,20240207,1,0.57,12.35,0.0
345,12,20240208,1,0.31,53.06,0.0
346,12,20240213,1,0.5,42.51,0.0
347,12,20240214,1,0.43,58.71,1.83
348,12,20240215,1,0.59,116.03,3.52
349,12,20240217,1,0.37,0.25,0.0
350,12,20240223,1,0.55,9.35,0.0
351,12,20240225,1,0.58,68.47,0.0
352,12,20240305,1,0.33,1.28,2.06
353,12,20240306,0,0.0,44.05,4.21
354,12,20240313,3,1.14,207.55999999999997,1.67
355,12,20240315,1,0.51,2.55,0.0
356,12,20240320,1,0.35,11.49,0.0
357,12,20240322,2,1.1,31.78,8.540000000000001
358,12,20240323,1,0.51,8.99,0.0
359,12,20240326,0,0.0,9.89,3.05
360,12,20240329,1,0.44,1.96,3.78
361,12,20240330,1,0.52,50.95,2.49
362,13,20240102,0,0.0,28.46,0.0
363,13,20240104,1,0.34,34.08,0.0
364,13,20240107,1,0.33,5.39,2.77
365,13,20240115,2,0.71,104.97999999999999,0.0
366,13,20240116,1,0.44,35.51,4.61
367,13,20240117,2,0.89,68.53999999999999,4.1
368,13,20240118,1,0.54,12.94,0.0
369,13,20240119,1,0.41,59.76,0.0
370,13,20240120,0,0.0,32.98,0.0
371,13,20240121,1,0.34,0.96,1.97
372,13,20240126,1,0.48,12.94,0.0
373,13,20240130,1,0.55,41.62,0.0
374,13,20240201,1,0.44,11.26,0.0
375,13,20240203,1,0.56,50.35,4.74
376,13,20240212,0,0.0,10.78,0.0
377,13,20240215,1,0.32,8.54,0.0
378,13,20240218,2,0.75,68.31,0.0
379,13,20240220,1,0.47,10.56,0.0
380,13,20240223,1,0.4,18.36,0.0
381,13,20240304,1,0.52,6.78,3.5
382,13,20240305,1,0.53,23.89,4.88
383,13,20240306,1,0.49,32.66,0.0
384,13,20240311,1,0.35,41.87,3.35
385,13,20240313,1,0.34,105.02,1.49
386,13,20240314,2,1.18,89.06,1.96
387,13,20240316,0,0.0,27.34,0.0
388,13,20240317,1,0.39,29.08,1.38
389,13,20240318,0,0.0,33.64,0.0
390,13,20240322,2,1.13,30.68,0.0
391,13,20240327,1,0.37,11.77,2.78
392,13,20240328,2,0.78,25.07,0.0
393,13,20240329,1,0.44,149.54,0.0
394,13,20240330,1,0.57,71.88,0.0
395,13,20240331,1,0.49,25.39,0.0
396,14,20240102,1,0.47,17.08,0.0
397,14,20240104,0,0.0,2.23,0.0
398,14,20240110,0,0.0,28.39,0.0
399,14,20240111,1,0.4,76.62,0.0
400,14,20240112,0,0.0,19.04,0.0
401,14,20240114,1,0.43,13.6,0.0
402,14,20240115,1,0.4,36.96,2.69
403,14,20240117,1,0.38,8.4,0.0
404,14,20240126,1,0.34,31.19,0.0
405,14,20240128,1,0.59,0.5,2.53
406,14,20240129,1,0.35,2.03,0.0
407,14,20240130,0,0.0,10.11,0.0
408,14,20240205,1,0.6,75.02,0.0
409,14,20240209,0,0.0,8.97,2.72
410,14,20240215,1,0.43,2.77,0.0
411,14,20240217,2,0.76,117.17999999999999,6.8100000000000005
412,14,20240218,1,0.58,6.7,2.43
413,14,20240219,0,0.0,21.48,0.0
414,14,20240222,1,0.51,22.6,3.8
415,14,20240227,2,0.91,22.3,2.78
416,14,20240229,0,0.0,5.14,3.25
417,14,20240302,1,0.47,33.39,4.8
418,14,20240303,0,0.0,55.2,0.0
419,14,20240306,1,0.41,1.65,4.45
420,14,20240307,1,0.52,26.28,0.0
421,14,20240314,1,0.55,13.45,0.0
422,14,20240317,2,0.99,27.740000000000002,3.77
423,14,20240319,1,0.32,14.38,2.57
424,14,20240323,1,0.39,1.82,0.0
425,14,20240324,1,0.58,21.51,2.66
426,14,20240327,1,0.36,93.76,0.0
427,14,20240329,0,0.0,0.25,3.21
428,15,20240102,2,0.72,131.43,3.06
429,15,20240105,1,0.57,36.93,2.18
430,15,20240109,1,0.46,26.86,3.75
431,15,20240112,1,0.35,23.29,0.0
432,15,20240117,1,0.59,6.37,0.0
433,15,20240121,1,0.39,0.38,0.0
434,15,20240122,1,0.53,31.26,2.16
435,15,20240123,1,0.54,14.13,1.92
436,15,20240126,1,0.32,59.94,4.81
437,15,20240201,1,0.55,42.28,4.13
438,15,20240202,1,0.45,42.63,0.0
439,15,20240204,1,0.37,8.09,0.0
440,15,20240207,1,0.33,14.25,0.0
441,15,20240210,1,0.39,16.68,3.07
442,15,20240211,1,0.3,53.21,0.0
443,15,20240214,1,0.59,12.78,0.0
444,15,20240217,1,0.47,7.57,0.0
445,15,20240218,1,0.5,69.91,1.92
446,15,20240220,1,0.42,10.09,0.0
447,15,20240225,0,0.0,64.18,0.0
448,15,20240226,0,0.0,25.07,4.53
449,15,20240302,1,0.39,8.69,0.0
450,15,20240304,1,0.36,46.57,0.0
451,15,20240310,0,0.0,9.67,1.93
452,15,20240311,0,0.0,37.48,0.0
453,15,20240312,1,0.34,1.33,1.83
454,15,20240317,1,0.41,5.88,0.0
455,15,20240319,1,0.32,12.09,3.33
456,15,20240320,0,0.0,4.93,1.53
457,15,20240322,1,0.51,58.46,1.27
458,15,20240330,1,0.46,3.07,0.0
459,16,20240101,1,0.48,28.71,1.86
460,16,20240107,2,0.9,39.97,5.38
461,16,20240112,1,0.59,36.53,4.07
462,16,20240113,2,0.95,38.870000000000005,4.16
463,16,20240119,1,0.57,196.07999999999998,1.66
464,16,20240120,1,0.5,16.86,0.0
465,16,20240125,1,0.54,11.82,6.08
466,16,20240126,0,0.0,20.73,1.18
467,16,20240213,1,0.38,24.69,4.52
468,16,20240215,2,0.71,62.55,3.4
469,16,20240219,1,0.52,27.48,0.0
470,16,20240229,1,0.39,7.06,4.97
471,16,20240306,1,0.49,0.42,1.31
472,16,20240307,1,0.37,29.61,2.13
473,16,20240309,1,0.41,12.85,0.0
474,16,20240315,0,0.0,2.66,3.26
475,16,20240316,1,0.37,13.66,0.0
476,16,20240317,1,0.42,54.07,1.66
477,16,20240318,1,0.31,23.56,0.0
478,16,20240322,1,0.49,14.95,0.0
479,16,20240326,1,0.36,12.16,0.0
480,16,20240331,1,0.44,22.31,0.0
481,17,20240106,2,0.75,67.43,0.0
482,17,20240109,2,0.9,192.32,0.0
483,17,20240110,0,0.0,37.22,2.05
484,17,20240112,0,0.0,26.65,0.0
485,17,20240114,1,0.32,79.9,0.0
486,17,20240117,0,0.0,0.22,0.0
487,17,20240118,1,0.56,1.27,0.0
488,17,20240125,2,0.97,144.22,1.49
489,17,20240128,1,0.53,1.61,0.0
490,17,20240129,2,0.64,57.400000000000006,0.0
491,17,20240130,1,0.58,43.41,0.0
492,17,20240202,1,0.52,16.74,0.0
493,17,20240203,1,0.4,64.57,2.9
494,17,20240205,0,0.0,109.23,0.0
495,17,20240211,1,0.46,2.39,0.0
496,17,20240212,2,0.67,6.23,3.61
497,17,20240213,0,0.0,44.9,4.44
498,17,20240216,1,0.57,21.52,1.72
499,17,20240222,0,0.0,86.88,3.64
500,17,20240225,1,0.33,4.81,0.0
501,17,20240227,1,0.38,52.86,0.0
502,17,20240229,1,0.31,97.29,1.27
503,17,20240301,0,0.0,39.12,4.06
504,17,20240302,2,0.9,77.28,0.0
505,17,20240303,1,0.33,8.44,0.0
506,17,20240304,1,0.38,35.02,2.84
507,17,20240305,1,0.57,27.16,0.0
508,17,20240309,1,0.56,7.13,3.55
509,17,20240310,0,0.0,21.43,2.34
510,17,20240311,1,0.37,27.31,1.28
511,17,20240313,1,0.32,51.370000000000005,0.0
512,17,20240314,2,0.81,25.419999999999998,0.0
513,17,20240317,2,0.95,69.49000000000001,0.0
514,17,20240324,1,0.32,3.01,4.41
515,17,20240325,1,0.56,6.08,0.0
516,17,20240328,0,0.0,36.97,0.0
517,18,20240104,1,0.42,57.09,3.02
518,18,20240112,1,0.36,83.03,2.61
519,18,20240115,1,0.36,0.79,0.0
520,18,20240116,3,1.06,57.37,0.0
521,18,20240118,1,0.34,71.18,6.05
522,18,20240125,1,0.48,15.71,1.11
523,18,20240126,0,0.0,52.32,0.0
524,18,20240127,1,0.59,67.59,0.0
525,18,20240128,2,0.78,36.92,4.03
526,18,20240131,1,0.31,26.65,0.0
527,18,20240202,1,0.34,17.89,0.0
528,18,20240203,0,0.0,58.87,2.84
529,18,20240204,1,0.37,5.66,3.79
530,18,20240209,1,0.46,2.81,0.0
531,18,20240210,0,0.0,32.53,4.49
532,18,20240216,0,0.0,10.03,0.0
533,18,20240218,1,0.44,16.24,4.94
534,18,20240219,1,0.56,110.8,0.0
535,18,20240225,1,0.41,15.07,0.0
536,18,20240301,0,0.0,9.49,0.0
537,18,20240302,1,0.49,67.68,3.44
538,18,20240305,1,0.53,18.74,0.0
539,18,20240306,1,0.37,19.24,0.0
540,18,20240309,1,0.4,20.13,2.9
541,18,20240311,1,0.34,31.16,0.0
542,18,20240313,1,0.49,6.92,2.45
543,18,20240314,2,0.92,28.060000000000002,4.27
544,18,20240316,1,0.43,55.29,1.05
545,18,20240320,1,0.45,26.88,0.0
546,18,20240325,1,0.42,14.06,2.14
547,18,20240328,1,0.49,8.78,0.0
548,18,20240331,1,0.42,25.91,3.0
549,19,20240101,1,0.48,18.23,0.0
550,19,20240105,1,0.6,2.3,2.65
551,19,20240110,1,0.44,121.49,2.86
552,19,20240111,1,0.56,6.86,0.0
553,19,20240112,1,0.56,0.07,1.56
554,19,20240113,0,0.0,3.57,0.0
555,19,20240117,2,0.97,22.05,4.16
556,19,20240123,1,0.37,50.96,0.0
557,19,20240124,0,0.0,7.66,0.0
558,19,20240127,1,0.53,61.02,0.0
559,19,20240128,1,0.31,8.11,4.2
560,19,20240131,2,0.85,72.87,2.66
561,19,20240206,1,0.56,10.5,0.0
562,19,20240208,1,0.59,1.52,3.36
563,19,20240209,0,0.0,264.86,2.48
564,19,20240216,3,1.65,82.89,0.0
565,19,20240217,1,0.39,30.07,8.86
566,19,20240218,1,0.54,4.24,1.12
567,19,20240221,1,0.31,64.12,2.86
568,19,20240222,1,0.34,5.64,0.0
569,19,20240229,1,0.59,0.66,0.0
570,19,20240301,1,0.36,38.18,0.0
571,19,20240307,2,0.7,41.28,4.9
572,19,20240315,1,0.31,23.26,2.91
573,19,20240321,1,0.55,47.09,1.43
574,19,20240322,1,0.56,17.94,0.0
575,19,20240325,1,0.36,52.89,0.0
576,19,20240326,1,0.43,62.78,0.0
577,19,20240329,0,0.0,49.02,4.81
578,19,20240330,1,0.36,18.34,3.47
579,19,20240331,1,0.33,20.7,0.0
580,20,20240105,0,0.0,11.02,4.59
581,20,20240111,2,0.67,30.25,1.1
582,20,20240114,0,0.0,25.17,4.68
583,20,20240118,1,0.53,0.36,2.87
584,20,20240119,1,0.52,27.94,0.0
585,20,20240123,1,0.33,8.57,2.24
586,20,20240125,1,0.57,61.43,4.64
587,20,20240126,3,1.29,65.69,0.0
588,20,20240130,1,0.54,25.51,0.0
589,20,20240202,0,0.0,4.58,4.52
590,20,20240206,1,0.53,27.34,0.0
591,20,20240207,1,0.39,73.49,0.0
592,20,20240208,1,0.4,45.39,0.0
593,20,20240210,1,0.52,14.88,0.0
594,20,20240213,1,0.54,4.72,0.0
595,20,20240218,1,0.57,54.81,2.62
596,20,20240219,1,0.5,9.82,0.0
597,20,20240220,1,0.45,5.96,0.0
598,20,20240221,1,0.54,21.85,0.0
599,20,20240223,1,0.38,9.2,3.28
600,20,20240226,0,0.0,25.95,0.0
601,20,20240227,1,0.48,17.11,3.78
602,20,20240301,0,0.0,18.89,3.76
603,20,20240304,1,0.52,48.93,2.7
604,20,20240306,1,0.48,18.05,0.0
605,20,20240307,1,0.45,3.76,1.93
606,20,20240308,0,0.0,69.55,0.0
607,20,20240310,0,0.0,45.95,1.15
608,20,20240311,0,0.0,2.41,4.92
609,20,20240314,1,0.58,6.89,2.49
610,20,20240316,0,0.0,66.56,0.0
611,20,20240317,1,0.4,9.93,4.31
612,20,20240318,0,0.0,17.82,0.0
613,20,20240323,1,0.53,59.0,0.0
614,20,20240324,1,0.4,17.83,2.16
615,20,20240326,1,0.48,23.46,0.0
616,20,20240330,1,0.39,5.05,0.0
617,20,20240331,1,0.54,15.12,0.0
618,21,20240101,1,0.57,15.790000000000001,4.27
619,21,20240102,0,0.0,47.77,0.0
620,21,20240108,2,1.11,106.06,2.0
621,21,20240109,0,0.0,10.53,2.96
622,21,20240110,1,0.34,39.53,4.56
623,21,20240112,0,0.0,6.24,2.93
624,21,20240113,1,0.5,49.47,0.0
625,21,20240114,1,0.46,42.57,0.0
626,21,20240116,0,0.0,76.69,0.0
627,21,20240119,1,0.37,65.36,7.36
628,21,20240120,0,0.0,2.35,4.97
629,21,20240122,1,0.3,13.18,3.46
630,21,20240124,3,1.43,47.17,6.01
631,21,20240125,2,0.92,14.59,7.86
632,21,20240127,1,0.42,64.87,0.0
633,21,20240128,1,0.57,8.0,1.58
634,21,20240129,2,0.81,38.7,0.0
635,21,20240206,2,0.98,89.19,4.84
636,21,20240207,1,0.31,7.58,0.0
637,21,20240208,1,0.51,14.61,0.0
638,21,20240212,0,0.0,60.92,0.0
639,21,20240213,1,0.56,13.55,0.0
640,21,20240215,1,0.48,7.7,4.16
641,21,20240217,1,0.5,2.9,4.14
642,21,20240218,1,0.34,7.69,0.0
643,21,20240221,1,0.56,12.0,0.0
644,21,20240223,1,0.36,86.54,0.0
645,21,20240225,1,0.49,9.45,2.02
646,21,20240226,2,0.86,50.61,0.0
647,21,20240229,0,0.0,1.18,0.0
648,21,20240303,1,0.31,11.3,0.0
649,21,20240304,1,0.48,29.91,0.0
650,21,20240305,2,0.89,20.21,3.9
651,21,20240308,1,0.4,21.66,0.0
652,21,20240311,1,0.47,7.49,0.0
653,21,20240312,0,0.0,9.07,0.0
654,21,20240314,2,1.03,50.370000000000005,0.0
655,21,20240316,2,0.62,16.009999999999998,1.68
656,21,20240317,1,0.56,4.41,0.0
657,21,20240318,2,1.0,14.0,0.0
658,21,20240319,1,0.31,35.57,2.2
659,21,20240324,1,0.5,10.38,0.0
660,21,20240328,1,0.45,12.87,4.81
661,21,20240329,1,0.39,0.06,0.0
662,21,20240330,1,0.54,88.84,2.44
663,22,20240102,1,0.56,27.23,3.32
664,22,20240104,1,0.59,3.4,1.3
665,22,20240106,1,0.56,36.36,0.0
666,22,20240109,1,0.42,23.76,1.65
667,22,20240111,1,0.39,17.11,1.74
668,22,20240113,0,0.0,0.94,1.67
669,22,20240117,1,0.5,4.32,0.0
670,22,20240119,2,0.8,34.72,1.78
671,22,20240122,0,0.0,1.13,0.0
672,22,20240123,1,0.58,7.41,4.36
673,22,20240127,1,0.31,16.06,0.0
674,22,20240201,0,0.0,1.39,1.13
675,22,20240202,1,0.43,16.08,0.0
676,22,20240203,0,0.0,8.66,4.99
677,22,20240204,1,0.39,16.06,0.0
678,22,20240206,2,0.84,34.9,3.34
679,22,20240209,2,1.05,34.81,2.39
680,22,20240212,2,0.64,11.68,7.16
681,22,20240213,1,0.33,10.42,4.45
682,22,20240220,1,0.42,13.86,0.0
683,22,20240221,0,0.0,44.88,3.22
684,22,20240223,1,0.31,39.49,0.0
685,22,20240224,2,0.8,32.72,6.57
686,22,20240302,1,0.37,117.69,1.18
687,22,20240304,0,0.0,18.06,0.0
688,22,20240305,1,0.41,20.59,3.24
689,22,20240306,1,0.38,15.19,0.0
690,22,20240311,1,0.32,0.47,0.0
691,22,20240313,2,0.7,115.64999999999999,4.13
692,22,20240319,2,0.97,105.71,0.0
693,22,20240321,1,0.48,21.25,0.0
694,22,20240324,1,0.51,14.9,0.0
695,22,20240325,1,0.32,0.23,0.0
696,22,20240326,1,0.3,16.48,4.54
697,22,20240327,1,0.49,121.66,2.31
698,22,20240330,1,0.35,12.4,3.94
699,23,20240105,1,0.52,20.2,0.0
700,23,20240106,2,0.95,9.52,8.09
701,23,20240107,1,0.38,1.85,0.0
702,23,20240111,1,0.43,140.08,0.0
703,23,20240113,1,0.43,9.42,3.06
704,23,20240115,0,0.0,3.39,0.0
705,23,20240117,1,0.56,13.04,0.0
706,23,20240118,1,0.3,0.26,0.0
707,23,20240119,1,0.37,52.79,1.67
708,23,20240125,2,0.72,62.29,6.99
709,23,20240130,2,1.15,26.29,1.88
710,23,20240201,1,0.54,0.32,0.0
711,23,20240202,1,0.54,6.39,0.0
712,23,20240203,1,0.55,0.98,4.29
713,23,20240209,1,0.35,17.28,1.01
714,23,20240210,1,0.56,15.52,0.0
715,23,20240218,1,0.42,19.06,3.86
716,23,20240223,1,0.38,38.84,0.0
717,23,20240224,1,0.35,39.02,0.0
718,23,20240225,1,0.38,10.98,0.0
719,23,20240228,1,0.46,3.96,0.0
720,23,20240301,0,0.0,33.49,1.01
721,23,20240303,2,1.01,16.84,4.47
722,23,20240306,1,0.3,0.8,3.31
723,23,20240308,1,0.44,15.43,0.0
724,23,20240311,1,0.42,23.94,4.48
725,23,20240313,2,0.71,109.61,0.0
726,23,20240314,1,0.55,24.8,0.0
727,23,20240315,1,0.38,35.88,3.81
728,23,20240318,1,0.41,6.18,0.0
729,23,20240319,1,0.45,27.1,4.65
730,23,20240324,1,0.36,35.62,0.0
731,23,20240327,1,0.49,15.34,0.0
732,23,20240329,1,0.34,3.24,2.22
733,24,20240104,0,0.0,9.88,0.0
734,24,20240105,0,0.0,13.04,4.16
735,24,20240106,1,0.6,44.58,0.0
736,24,20240111,2,0.88,38.04,0.0
737,24,20240113,1,0.32,7.59,4.33
738,24,20240115,2,0.99,69.94,2.67
739,24,20240117,1,0.48,23.56,3.12
740,24,20240119,0,0.0,38.31,4.88
741,24,20240120,1,0.31,8.51,0.0
742,24,20240121,1,0.34,23.33,4.14
743,24,20240126,1,0.45,57.09,0.0
744,24,20240129,1,0.37,27.66,0.0
745,24,20240131,2,0.97,60.35,3.54
746,24,20240208,2,1.11,18.54,1.42
747,24,20240210,1,0.44,5.25,0.0
748,24,20240211,1,0.33,2.57,0.0
749,24,20240214,1,0.55,1.07,0.0
750,24,20240217,1,0.31,45.4,4.63
751,24,20240218,1,0.42,102.89,0.0
752,24,20240220,1,0.41,21.34,0.0
753,24,20240221,1,0.49,18.21,0.0
754,24,20240222,0,0.0,2.87,4.96
755,24,20240227,1,0.33,21.14,4.6
756,24,20240228,1,0.44,2.36,3.45
757,24,20240301,1,0.35,80.24,0.0
758,24,20240303,1,0.51,26.95,0.0
759,24,20240307,0,0.0,5.49,0.0
760,24,20240310,0,0.0,81.08,0.0
761,24,20240311,1,0.51,9.54,3.5
762,24,20240317,1,0.46,0.69,3.47
763,24,20240318,1,0.55,29.07,0.0
764,24,20240322,1,0.57,39.699999999999996,2.82
765,24,20240323,0,0.0,8.78,0.0
766,24,20240324,1,0.31,16.86,1.15
767,25,20240101,1,0.33,4.34,3.63
768,25,20240102,1,0.46,15.8,0.0
769,25,20240103,1,0.45,9.03,0.0
770,25,20240106,1,0.3,113.31,1.71
771,25,20240110,1,0.33,25.94,0.0
772,25,20240111,1,0.47,78.06,2.8
773,25,20240112,1,0.4,14.97,1.97
774,25,20240113,1,0.41,91.62,3.5999999999999996
775,25,20240116,1,0.52,23.49,0.0
776,25,20240119,1,0.56,1.34,0.0
777,25,20240123,1,0.5,5.88,0.0
778,25,20240125,1,0.51,56.81,0.0
779,25,20240126,1,0.5,20.11,4.39
780,25,20240128,1,0.46,31.76,0.0
781,25,20240130,1,0.33,1.42,0.0
782,25,20240203,1,0.43,15.07,2.35
783,25,20240205,1,0.44,5.89,0.0
784,25,20240208,1,0.49,16.16,0.0
785,25,20240210,1,0.57,7.91,0.0
786,25,20240212,1,0.39,58.52,3.21
787,25,20240214,1,0.34,15.87,0.0
788,25,20240221,1,0.34,67.3,0.0
789,25,20240223,0,0.0,15.02,4.95
790,25,20240225,0,0.0,29.0,4.54
791,25,20240226,1,0.38,31.15,1.47
792,25,20240228,1,0.46,24.53,1.23
793,25,20240303,0,0.0,4.32,2.85
794,25,20240304,0,0.0,22.07,0.0
795,25,20240307,1,0.35,45.2,0.0
796,25,20240311,1,0.45,16.13,0.0
797,25,20240312,1,0.58,24.68,2.39
798,25,20240316,1,0.44,70.2,0.0
799,25,20240318,1,0.37,42.58,2.12
800,25,20240326,0,0.0,1.04,0.0
801,25,20240328,1,0.35,32.19,0.0
802,26,20240103,0,0.0,41.1,0.0
803,26,20240104,1,0.53,23.77,4.35
804,26,20240106,1,0.45,123.52,2.28
805,26,20240111,2,0.7,52.01,0.0
806,26,20240114,1,0.33,23.5,0.0
807,26,20240115,1,0.33,22.07,0.0
808,26,20240119,1,0.51,29.16,0.0
809,26,20240121,1,0.3,68.71000000000001,6.46
810,26,20240122,1,0.59,99.72,1.53
811,26,20240124,1,0.38,37.06,0.0
812,26,20240126,2,1.08,54.39,0.0
813,26,20240127,1,0.52,26.04,1.28
814,26,20240128,1,0.39,14.97,0.0
815,26,20240205,1,0.34,1.35,0.0
816,26,20240209,1,0.36,53.14,4.19
817,26,20240213,1,0.45,11.56,0.0
818,26,20240221,1,0.44,113.42,1.55
819,26,20240223,1,0.32,20.9,3.34
820,26,20240228,2,0.95,23.14,4.91
821,26,20240301,2,1.19,24.82,4.63
822,26,20240302,1,0.39,9.11,0.0
823,26,20240303,0,0.0,10.91,0.0
824,26,20240304,1,0.48,2.32,4.06
825,26,20240305,1,0.36,2.04,0.0
826,26,20240306,1,0.49,24.18,0.0
827,26,20240307,1,0.5,9.89,0.0
828,26,20240308,1,0.45,70.0,3.91
829,26,20240309,0,0.0,88.02,2.71
830,26,20240312,1,0.37,18.52,0.0
831,26,20240316,1,0.56,20.58,2.65
832,26,20240317,0,0.0,21.96,3.37
833,26,20240323,0,0.0,6.4,0.0
834,26,20240330,1,0.47,43.59,0.0
835,27,20240103,1,0.58,4.26,0.0
836,27,20240105,1,0.57,7.71,0.0
837,27,20240108,1,0.37,59.83,0.0
838,27,20240109,1,0.45,24.57,0.0
839,27,20240110,1,0.4,4.83,0.0
840,27,20240111,1,0.39,1.31,4.13
841,27,20240112,1,0.43,1.61,0.0
842,27,20240114,2,0.67,9.72,4.49
843,27,20240115,1,0.58,0.24,4.86
844,27,20240116,1,0.35,35.06,2.72
845,27,20240117,1,0.5,26.0,3.47
846,27,20240118,1,0.39,13.96,0.0
847,27,20240119,1,0.5,15.54,1.16
848,27,20240121,1,0.55,3.72,0.0
849,27,20240128,1,0.35,79.85,0.0
850,27,20240130,1,0.59,6.81,1.68
851,27,20240201,1,0.51,1.0,0.0
852,27,20240204,0,0.0,22.74,2.84
853,27,20240215,1,0.44,27.11,0.0
854,27,20240218,2,0.93,68.83999999999999,4.99
855,27,20240224,1,0.57,15.74,1.28
856,27,20240225,1,0.31,5.23,0.0
857,27,20240226,2,0.88,156.72,0.0
858,27,20240227,1,0.33,37.87,0.0
859,27,20240306,1,0.36,3.74,3.38
860,27,20240307,1,0.45,88.46,0.0
861,27,20240311,1,0.54,10.11,4.35
862,27,20240316,1,0.35,37.72,1.26
863,27,20240317,1,0.46,116.73,0.0
864,27,20240320,0,0.0,20.52,2.64
865,27,20240322,1,0.45,114.43,0.0
866,27,20240324,0,0.0,40.03,0.0
867,27,20240329,1,0.53,10.58,4.53
868,28,20240103,1,0.52,13.06,3.69
869,28,20240104,0,0.0,31.36,0.0
870,28,20240111,1,0.37,11.48,0.0
871,28,20240112,2,1.03,40.900000000000006,0.0
872,28,20240115,0,0.0,6.75,0.0
873,28,20240116,0,0.0,2.42,0.0
874,28,20240117,2,0.92,99.44,3.51
875,28,20240121,1,0.34,61.44,0.0
876,28,20240122,1,0.5,32.91,3.68
877,28,20240125,0,0.0,65.96,0.0
878,28,20240127,1,0.36,42.66,3.42
879,28,20240129,1,0.59,14.38,3.58
880,28,20240131,0,0.0,5.38,3.88
881,28,20240201,1,0.35,15.92,0.0
882,28,20240202,1,0.5,6.9,0.0
883,28,20240205,1,0.4,1.97,1.97
884,28,20240206,1,0.35,18.84,2.71
885,28,20240207,1,0.31,1.84,0.0
886,28,20240208,1,0.47,13.97,1.41
887,28,20240209,0,0.0,34.61,5.3
888,28,20240212,1,0.59,30.0,0.0
889,28,20240217,1,0.48,40.04,0.0
890,28,20240218,0,0.0,0.45,3.87
891,28,20240222,2,0.98,61.1,4.77
892,28,20240227,1,0.51,30.75,0.0
893,28,20240229,2,0.93,5.16,7.66
894,28,20240301,2,0.65,63.370000000000005,1.14
895,28,20240305,1,0.59,36.16,0.0
896,28,20240307,1,0.46,41.73,0.0
897,28,20240309,1,0.33,3.85,1.86
898,28,20240310,0,0.0,13.88,0.0
899,28,20240311,0,0.0,14.12,0.0
900,28,20240312,2,0.87,47.67,9.49
901,28,20240315,1,0.34,53.12,0.0
902,28,20240316,0,0.0,10.72,0.0
903,28,20240317,1,0.42,54.76,4.74
904,28,20240325,3,1.06,95.07,0.0
905,28,20240326,1,0.54,6.06,0.0
906,28,20240327,1,0.33,28.03,1.18
907,29,20240102,1,0.5,74.39,1.32
908,29,20240103,1,0.31,41.23,0.0
909,29,20240105,1,0.39,11.04,4.24
910,29,20240108,1,0.57,1.29,0.0
911,29,20240110,1,0.3,13.98,0.0
912,29,20240114,2,1.09,33.55,0.0
913,29,20240118,1,0.48,17.35,0.0
914,29,20240119,1,0.56,55.43,2.32
915,29,20240201,1,0.53,79.38,0.0
916,29,20240203,1,0.49,5.68,1.51
917,29,20240206,1,0.56,27.49,0.0
918,29,20240207,0,0.0,40.96,3.46
919,29,20240208,0,0.0,6.13,2.88
920,29,20240209,1,0.35,22.28,0.0
921,29,20240210,1,0.51,20.67,0.0
922,29,20240213,0,0.0,19.24,3.84
923,29,20240214,1,0.38,1.89,1.93
924,29,20240217,1,0.54,11.47,0.0
925,29,20240221,1,0.5,11.01,4.46
926,29,20240223,1,0.51,7.66,0.0
927,29,20240227,0,0.0,3.6,0.0
928,29,20240303,0,0.0,13.0,4.2
929,29,20240306,0,0.0,10.16,2.5
930,29,20240312,1,0.47,0.48,0.0
931,29,20240313,0,0.0,27.89,3.75
932,29,20240314,1,0.52,1.95,0.0
933,29,20240316,1,0.42,4.31,0.0
934,29,20240318,1,0.48,21.49,3.41
935,29,20240319,1,0.39,10.66,3.46
936,29,20240320,1,0.45,5.33,0.0
937,29,20240321,1,0.41,19.74,3.74
938,29,20240325,1,0.41,21.53,0.0
939,29,20240328,1,0.44,26.36,0.0
940,29,20240329,1,0.32,48.02,5.699999999999999
941,29,20240330,0,0.0,33.54,3.91
942,30,20240102,1,0.56,6.44,0.0
943,30,20240103,0,0.0,5.33,2.7
944,30,20240107,0,0.0,17.67,4.64
945,30,20240108,2,0.68,125.84,4.23
946,30,20240110,2,0.94,3.38,5.95
947,30,20240114,1,0.49,8.43,1.95
948,30,20240116,1,0.4,5.91,2.88
949,30,20240117,0,0.0,10.79,0.0
950,30,20240118,1,0.5,7.78,0.0
951,30,20240123,1,0.33,40.07,0.0
952,30,20240124,1,0.59,1.96,2.69
953,30,20240128,1,0.47,9.42,0.0
954,30,20240131,0,0.0,21.76,0.0
955,30,20240203,0,0.0,7.89,0.0
956,30,20240211,1,0.34,120.37,0.0
957,30,20240216,2,0.98,77.14,1.33
958,30,20240222,1,0.47,25.27,0.0
959,30,20240223,1,0.6,16.48,4.83
960,30,20240227,1,0.48,32.8,3.19
961,30,20240228,1,0.37,28.96,0.0
962,30,20240302,1,0.53,8.55,3.82
963,30,20240309,2,1.17,25.82,0.0
964,30,20240310,0,0.0,17.77,3.48
965,30,20240312,0,0.0,4.93,1.69
966,30,20240313,1,0.42,0.47,0.0
967,30,20240314,0,0.0,0.18,0.0
968,30,20240316,1,0.3,8.57,1.92
969,30,20240318,1,0.49,27.12,5.3
970,30,20240319,1,0.31,1.81,0.0
971,30,20240322,1,0.45,30.810000000000002,0.0
972,30,20240325,1,0.44,40.84,3.78
973,30,20240326,1,0.54,10.14,0.0
974,31,20240101,1,0.49,5.58,2.92
975,31,20240102,0,0.0,12.08,0.0
976,31,20240112,1,0.35,29.09,0.0
977,31,20240120,1,0.38,140.7,0.0
978,31,20240121,0,0.0,13.28,0.0
979,31,20240123,1,0.56,137.82,0.0
980,31,20240127,1,0.46,59.91,0.0
981,31,20240128,2,1.16,38.99,0.0
982,31,20240203,1,0.38,3.22,0.0
983,31,20240204,1,0.46,22.98,0.0
984,31,20240207,1,0.33,0.61,1.26
985,31,20240208,2,0.82,23.240000000000002,0.0
986,31,20240212,1,0.5,13.65,0.0
987,31,20240223,1,0.45,15.26,2.17
988,31,20240227,1,0.55,35.43,2.12
989,31,20240228,1,0.35,15.11,0.0
990,31,20240229,1,0.51,23.12,2.08
991,31,20240301,1,0.36,26.23,3.95
992,31,20240304,0,0.0,4.88,0.0
993,31,20240309,1,0.33,8.86,0.0
994,31,20240310,3,0.91,32.85,3.72
995,31,20240315,1,0.44,44.67,0.0
996,31,20240316,1,0.57,2.36,0.0
997,31,20240317,1,0.51,8.33,0.0
998,31,20240323,1,0.56,54.3,2.32
999,31,20240331,0,0.0,38.75,3.8
1000,32,20240102,1,0.58,39.94,0.0
1001,32,20240103,0,0.0,1.81,0.0
1002,32,20240105,1,0.35,17.02,0.0
1003,32,20240108,1,0.49,18.94,0.0
1004,32,20240109,1,0.56,14.69,0.0
1005,32,20240112,1,0.32,12.94,0.0
1006,32,20240113,1,0.44,39.26,4.92
1007,32,20240114,1,0.31,91.84,0.0
1008,32,20240115,1,0.51,28.72,3.87
1009,32,20240116,1,0.39,89.34,0.0
1010,32,20240119,0,0.0,5.95,3.79
1011,32,20240122,1,0.34,71.12,0.0
1012,32,20240123,1,0.59,14.4,0.0
1013,32,20240124,1,0.55,11.68,1.56
1014,32,20240126,1,0.39,56.43,3.81
1015,32,20240128,1,0.5,25.99,0.0
1016,32,20240131,1,0.43,103.44999999999999,0.0
1017,32,20240208,1,0.35,34.73,0.0
1018,32,20240219,1,0.38,18.58,0.0
1019,32,20240222,1,0.43,0.05,4.28
1020,32,20240224,1,0.57,20.83,0.0
1021,32,20240225,1,0.33,56.44,1.68
1022,32,20240227,1,0.44,74.88,3.11
1023,32,20240229,1,0.47,67.2,0.0
1024,32,20240301,1,0.43,7.07,2.97
1025,32,20240305,0,0.0,35.21,0.0
1026,32,20240314,1,0.44,17.37,0.0
1027,32,20240316,1,0.38,21.31,1.91
1028,32,20240318,0,0.0,9.77,0.0
1029,32,20240320,2,1.0,82.59,0.0
1030,32,20240323,1,0.46,32.26,2.53
1031,32,20240324,1,0.47,33.43,0.0
1032,32,20240325,1,0.31,38.78,0.0
1033,32,20240327,1,0.47,6.7,0.0
1034,32,20240328,1,0.33,37.96,0.0
1035,32,20240330,2,1.17,56.0,0.0
1036,33,20240108,1,0.53,30.51,0.0
1037,33,20240109,1,0.39,6.37,0.0
1038,33,20240110,1,0.53,13.92,0.0
1039,33,20240112,0,0.0,11.36,4.71
1040,33,20240114,1,0.49,57.16,4.05
1041,33,20240116,1,0.58,3.62,0.0
1042,33,20240117,1,0.57,10.61,0.0
1043,33,20240118,1,0.35,43.9,4.72
1044,33,20240123,1,0.6,62.95,0.0
1045,33,20240131,1,0.37,19.51,1.27
1046,33,20240206,2,1.12,51.83,0.0
1047,33,20240209,1,0.33,34.72,0.0
1048,33,20240212,1,0.57,144.29999999999998,4.61
1049,33,20240215,1,0.48,9.06,0.0
1050,33,20240217,2,1.19,31.64,0.0
1051,33,20240226,1,0.34,23.63,3.43
1052,33,20240303,2,1.07,73.21,4.83
1053,33,20240306,1,0.33,28.94,0.0
1054,33,20240312,1,0.41,2.63,4.01
1055,33,20240313,0,0.0,2.48,0.0
1056,33,20240325,1,0.33,1.86,0.0
1057,33,20240328,1,0.3,46.5,0.0
1058,33,20240329,2,0.66,121.96000000000001,2.41
1059,33,20240331,1,0.47,7.28,0.0
1060,34,20240101,1,0.3,32.63,0.0
1061,34,20240102,1,0.47,33.57,0.0
1062,34,20240107,0,0.0,29.45,0.0
1063,34,20240108,2,1.11,6.69,0.0
1064,34,20240109,1,0.5,8.0,0.0
1065,34,20240110,1,0.37,1.98,1.25
1066,34,20240111,0,0.0,10.52,2.88
1067,34,20240113,1,0.48,4.75,0.0
1068,34,20240117,1,0.48,12.98,2.34
1069,34,20240119,1,0.35,13.02,0.0
1070,34,20240120,1,0.37,8.2,2.2
1071,34,20240121,1,0.34,13.97,4.57
1072,34,20240123,3,1.55,37.42,7.0
1073,34,20240125,1,0.39,61.75,2.55
1074,34,20240129,1,0.49,16.04,0.0
1075,34,20240130,2,0.78,67.16,0.0
1076,34,20240131,2,0.88,87.21,4.21
1077,34,20240204,1,0.52,0.58,1.23
1078,34,20240208,2,0.98,132.94,0.0
1079,34,20240212,1,0.42,57.150000000000006,5.65
1080,34,20240217,1,0.37,36.14,4.74
1081,34,20240220,1,0.46,25.29,0.0
1082,34,20240224,1,0.53,108.06,1.37
1083,34,20240227,3,1.15,78.62,1.26
1084,34,20240301,1,0.52,4.93,0.0
1085,34,20240305,1,0.37,16.07,0.0
1086,34,20240307,1,0.44,23.07,0.0
1087,34,20240310,2,0.64,88.17,0.0
1088,34,20240317,1,0.56,3.09,0.0
1089,34,20240318,1,0.42,2.0,0.0
1090,34,20240320,1,0.39,79.8,1.86
1091,34,20240322,1,0.43,3.43,0.0
1092,34,20240327,2,0.97,65.06,2.72
1093,34,20240330,0,0.0,59.21,0.0
1094,35,20240101,1,0.37,5.11,0.0
1095,35,20240108,0,0.0,54.9,4.49
1096,35,20240110,1,0.46,15.37,0.0
1097,35,20240111,1,0.5,32.77,0.0
1098,35,20240113,1,0.38,10.8,4.0
1099,35,20240114,1,0.45,11.81,0.0
1100,35,20240115,1,0.36,182.34,0.0
1101,35,20240117,2,0.67,91.47,1.41
1102,35,20240118,1,0.57,1.95,4.51
1103,35,20240122,0,0.0,8.65,3.39
1104,35,20240123,0,0.0,16.72,0.0
1105,35,20240124,2,0.8,92.0,1.49
1106,35,20240126,2,1.05,53.37,0.0
1107,35,20240128,1,0.56,0.34,0.0
1108,35,20240130,1,0.37,0.62,0.0
1109,35,20240131,1,0.5,58.57,4.06
1110,35,20240202,1,0.42,43.56,0.0
1111,35,20240204,1,0.59,13.74,4.2
1112,35,20240206,1,0.36,27.36,3.86
1113,35,20240207,1,0.48,0.41,0.0
1114,35,20240208,1,0.48,135.62,4.24
1115,35,20240213,1,0.57,8.38,3.51
1116,35,20240215,1,0.58,27.05,3.87
1117,35,20240217,1,0.5,30.66,0.0
1118,35,20240219,0,0.0,27.3,0.0
1119,35,20240225,1,0.6,14.27,0.0
1120,35,20240302,0,0.0,3.19,1.27
1121,35,20240313,3,1.76,52.39,0.0
1122,35,20240315,1,0.46,32.81,0.0
1123,35,20240318,1,0.47,0.67,0.0
1124,35,20240319,1,0.39,53.37,2.5
1125,35,20240320,0,0.0,17.49,0.0
1126,35,20240321,1,0.42,21.04,4.7
1127,35,20240322,1,0.31,10.8,0.0
1128,35,20240323,1,0.58,23.57,0.0
1129,35,20240328,0,0.0,5.46,0.0
1130,36,20240102,2,0.61,45.95,1.1
1131,36,20240104,0,0.0,13.1,0.0
1132,36,20240107,1,0.5,85.71000000000001,2.52
1133,36,20240114,1,0.3,4.81,0.0
1134,36,20240115,1,0.33,26.09,2.51
1135,36,20240116,1,0.48,111.08,3.59
1136,36,20240118,1,0.55,0.4,0.0
1137,36,20240120,1,0.31,88.44,0.0
1138,36,20240122,1,0.43,10.32,3.11
1139,36,20240123,1,0.53,52.92,1.39
1140,36,20240124,2,0.77,42.64,2.43
1141,36,20240203,1,0.45,34.82,2.5
1142,36,20240206,1,0.57,41.88,2.87
1143,36,20240212,1,0.38,15.64,0.0
1144,36,20240214,0,0.0,45.71,0.0
1145,36,20240218,1,0.38,8.56,4.49
1146,36,20240219,0,0.0,13.25,0.0
1147,36,20240220,1,0.57,27.98,0.0
1148,36,20240226,2,0.88,28.53,4.66
1149,36,20240228,1,0.37,15.72,0.0
1150,36,20240229,1,0.38,104.39,3.36
1151,36,20240305,0,0.0,21.77,0.0
1152,36,20240312,0,0.0,49.42,3.98
1153,36,20240313,1,0.58,5.34,2.88
1154,36,20240315,2,0.68,170.29999999999998,2.99
1155,36,20240317,2,0.61,6.13,2.16
1156,36,20240318,1,0.53,23.87,1.15
1157,36,20240322,1,0.57,14.54,0.0
1158,36,20240323,3,0.96,51.81,0.0
1159,36,20240324,1,0.47,19.94,3.15
1160,36,20240325,0,0.0,93.46,1.89
1161,36,20240326,1,0.46,3.29,0.0
1162,37,20240101,1,0.43,23.93,3.14
1163,37,20240102,2,1.19,57.39,4.78
1164,37,20240103,1,0.36,190.74,4.26
1165,37,20240109,0,0.0,9.44,0.0
1166,37,20240110,1,0.54,23.8,0.0
1167,37,20240122,2,1.09,28.61,0.0
1168,37,20240123,1,0.49,18.59,0.0
1169,37,20240125,1,0.48,39.15,1.05
1170,37,20240126,1,0.53,70.44,0.0
1171,37,20240130,1,0.3,8.31,2.66
1172,37,20240208,1,0.35,20.01,0.0
1173,37,20240210,1,0.3,1.66,4.95
1174,37,20240211,1,0.48,2.0,0.0
1175,37,20240212,1,0.54,2.78,3.16
1176,37,20240213,0,0.0,16.1,0.0
1177,37,20240215,1,0.49,24.85,4.93
1178,37,20240217,1,0.55,0.07,0.0
1179,37,20240219,1,0.58,6.02,1.18
1180,37,20240221,1,0.3,21.49,0.0
1181,37,20240222,1,0.54,17.54,0.0
1182,37,20240225,1,0.38,9.5,5.4399999999999995
1183,37,20240226,1,0.47,39.38,1.28
1184,37,20240227,1,0.32,4.16,0.0
1185,37,20240229,1,0.44,30.24,4.01
1186,37,20240301,1,0.47,7.8,0.0
1187,37,20240303,1,0.5,52.21,3.23
1188,37,20240308,1,0.54,18.42,3.27
1189,37,20240310,1,0.33,85.75,0.0
1190,37,20240316,1,0.5,10.02,0.0
1191,37,20240317,0,0.0,15.66,2.24
1192,37,20240322,1,0.43,120.23,0.0
1193,37,20240323,1,0.5,83.67,0.0
1194,37,20240325,1,0.56,22.55,4.65
1195,37,20240326,0,0.0,38.52,0.0
1196,37,20240328,1,0.55,18.37,0.0
1197,37,20240329,1,0.52,80.14,0.0
1198,37,20240330,1,0.57,96.23,0.0
1199,38,20240102,1,0.41,5.52,4.88
1200,38,20240118,1,0.38,44.169999999999995,9.0
1201,38,20240120,1,0.43,3.91,3.9
1202,38,20240121,2,0.79,9.77,0.0
1203,38,20240122,1,0.52,18.13,1.41
1204,38,20240128,1,0.33,13.9,2.17
1205,38,20240129,1,0.55,22.44,0.0
1206,38,20240131,0,0.0,69.60000000000001,0.0
1207,38,20240201,1,0.55,1.09,4.61
1208,38,20240204,1,0.55,22.08,0.0
1209,38,20240207,1,0.5,29.91,3.57
1210,38,20240208,1,0.49,13.04,0.0
1211,38,20240212,0,0.0,26.58,1.6
1212,38,20240216,1,0.35,26.31,2.28
1213,38,20240218,1,0.45,13.87,0.0
1214,38,20240219,0,0.0,97.97,0.0
1215,38,20240221,1,0.51,101.87,6.68
1216,38,20240223,0,0.0,11.17,0.0
1217,38,20240229,1,0.57,40.95,0.0
1218,38,20240304,1,0.49,26.31,0.0
1219,38,20240305,1,0.57,40.75,0.0
1220,38,20240309,1,0.4,5.51,2.91
1221,38,20240313,0,0.0,4.5,0.0
1222,38,20240315,1,0.51,11.36,0.0
1223,38,20240316,1,0.37,38.79,0.0
1224,38,20240317,1,0.54,29.369999999999997,3.34
1225,38,20240318,1,0.43,37.47,0.0
1226,38,20240319,0,0.0,18.57,0.0
1227,38,20240320,1,0.43,5.84,1.86
1228,38,20240326,1,0.48,19.47,0.0
1229,38,20240328,0,0.0,0.04,2.32
1230,38,20240329,1,0.4,0.85,0.0
1231,38,20240330,0,0.0,10.55,1.55
1232,39,20240102,1,0.53,2.6,0.0
1233,39,20240105,1,0.52,15.23,0.0
1234,39,20240107,1,0.33,29.55,3.74
1235,39,20240111,1,0.44,59.24,0.0
1236,39,20240118,0,0.0,35.96,0.0
1237,39,20240124,1,0.58,1.91,0.0
1238,39,20240128,1,0.56,7.03,1.72
1239,39,20240131,1,0.4,31.81,0.0
1240,39,20240201,1,0.56,10.59,0.0
1241,39,20240202,0,0.0,10.62,0.0
1242,39,20240204,0,0.0,48.31,0.0
1243,39,20240209,1,0.37,49.12,0.0
1244,39,20240211,1,0.35,50.97,4.85
1245,39,20240215,1,0.31,13.34,3.02
1246,39,20240216,2,0.97,22.03,4.21
1247,39,20240217,1,0.44,17.35,0.0
1248,39,20240224,0,0.0,12.33,3.83
1249,39,20240226,0,0.0,38.61,0.0
1250,39,20240228,1,0.57,62.85,4.23
1251,39,20240301,1,0.43,46.21,0.0
1252,39,20240306,1,0.46,1.7,0.0
1253,39,20240307,1,0.36,75.92,0.0
1254,39,20240308,2,0.94,99.19999999999999,0.0
1255,39,20240312,1,0.43,31.08,0.0
1256,39,20240318,1,0.6,0.71,0.0
1257,39,20240322,2,0.92,10.2,0.0
1258,39,20240324,0,0.0,51.7,0.0
1259,39,20240325,0,0.0,0.44,0.0
1260,39,20240326,1,0.38,0.54,2.93
1261,39,20240328,0,0.0,11.58,0.0
1262,39,20240329,1,0.55,36.88,0.0
1263,39,20240330,1,0.44,16.93,0.0
1264,40,20240106,1,0.37,7.18,2.55
1265,40,20240112,1,0.39,12.24,0.0
1266,40,20240113,0,0.0,31.12,0.0
1267,40,20240118,1,0.6,4.65,0.0
1268,40,20240121,0,0.0,3.01,4.16
1269,40,20240123,1,0.48,43.58,0.0
1270,40,20240129,0,0.0,17.48,0.0
1271,40,20240131,1,0.55,17.29,0.0
1272,40,20240203,1,0.48,34.28,4.19
1273,40,20240204,1,0.31,43.41,0.0
1274,40,20240206,0,0.0,21.37,1.85
1275,40,20240208,1,0.59,31.96,0.0
1276,40,20240210,2,1.12,19.92,0.0
1277,40,20240214,1,0.45,10.97,1.08
1278,40,20240215,2,0.87,49.31999999999999,5.3
1279,40,20240216,2,0.62,17.65,6.59
1280,40,20240221,2,0.88,47.22,1.19
1281,40,20240222,1,0.34,27.11,4.25
1282,40,20240223,0,0.0,27.87,2.03
1283,40,20240224,0,0.0,7.74,0.0
1284,40,20240226,1,0.45,7.21,0.0
1285,40,20240227,1,0.54,45.33,0.0
1286,40,20240302,0,0.0,2.25,0.0
1287,40,20240305,1,0.4,29.52,2.51
1288,40,20240308,1,0.37,2.81,1.45
1289,40,20240311,1,0.53,18.369999999999997,2.17
1290,40,20240313,1,0.45,24.14,0.0
1291,40,20240315,1,0.34,22.35,1.92
1292,40,20240316,1,0.37,146.82,0.0
1293,40,20240318,1,0.42,58.0,0.0
1294,40,20240319,0,0.0,5.3,2.07
1295,40,20240324,0,0.0,47.71,0.0
1296,40,20240326,1,0.42,7.32,1.87
1297,40,20240330,1,0.32,1.46,0.0
1298,40,20240331,0,0.0,1.64,3.84
1299,41,20240101,1,0.33,0.07,0.0
1300,41,20240103,1,0.59,51.6,0.0
1301,41,20240105,1,0.4,4.81,0.0
1302,41,20240106,0,0.0,32.14,0.0
1303,41,20240109,0,0.0,5.36,0.0
1304,41,20240111,1,0.34,24.91,3.66
1305,41,20240116,1,0.4,73.41,0.0
1306,41,20240121,1,0.34,26.7,0.0
1307,41,20240122,1,0.58,7.25,0.0
1308,41,20240124,1,0.36,84.04,0.0
1309,41,20240125,1,0.46,4.59,0.0
1310,41,20240126,2,0.64,75.4,0.0
1311,41,20240127,1,0.38,4.22,1.64
1312,41,20240202,1,0.32,77.66,7.09
1313,41,20240205,0,0.0,27.48,0.0
1314,41,20240206,3,1.7,53.53,1.59
1315,41,20240209,0,0.0,31.09,0.0
1316,41,20240211,1,0.38,20.7,0.0
1317,41,20240217,1,0.47,84.84,0.0
1318,41,20240218,1,0.4,38.57,0.0
1319,41,20240220,1,0.31,35.6,0.0
1320,41,20240222,1,0.45,0.03,0.0
1321,41,20240223,1,0.31,16.77,0.0
1322,41,20240225,1,0.37,12.07,0.0
1323,41,20240227,1,0.35,19.01,3.06
1324,41,20240228,1,0.55,91.17,1.01
1325,41,20240301,1,0.35,45.39,0.0
1326,41,20240303,1,0.38,3.45,0.0
1327,41,20240306,1,0.41,32.6,0.0
1328,41,20240309,2,0.83,1.44,3.48
1329,41,20240310,1,0.4,4.39,1.48
1330,41,20240311,1,0.37,52.71,0.0
1331,41,20240315,1,0.35,66.28,0.0
1332,41,20240317,2,1.01,68.82000000000001,0.0
1333,41,20240319,1,0.33,8.21,0.0
1334,41,20240320,1,0.49,8.07,4.32
1335,41,20240321,1,0.43,14.54,0.0
1336,41,20240325,1,0.49,0.38,0.0
1337,41,20240327,1,0.33,12.69,2.04
1338,41,20240330,2,1.07,11.57,3.48
1339,42,20240102,1,0.33,5.82,3.53
1340,42,20240108,1,0.52,63.79,0.0
1341,42,20240124,1,0.54,74.69,0.0
1342,42,20240131,1,0.47,7.03,0.0
1343,42,20240201,1,0.37,27.31,2.82
1344,42,20240202,1,0.4,7.22,0.0
1345,42,20240205,1,0.3,37.87,0.0
1346,42,20240206,1,0.46,3.76,3.87
1347,42,20240213,0,0.0,5.87,2.75
1348,42,20240216,1,0.31,50.09,0.0
1349,42,20240217,1,0.55,23.89,0.0
1350,42,20240218,1,0.43,0.33,1.12
1351,42,20240223,1,0.54,23.16,3.17
1352,42,20240225,1,0.41,30.74,4.76
1353,42,20240227,0,0.0,8.1,0.0
1354,42,20240301,1,0.48,21.22,0.0
1355,42,20240302,1,0.51,5.04,0.0
1356,42,20240303,2,1.14,19.689999999999998,0.0
1357,42,20240306,1,0.57,0.17,2.4
1358,42,20240307,1,0.43,76.05,0.0
1359,42,20240309,1,0.32,1.71,0.0
1360,42,20240314,1,0.42,20.16,4.61
1361,42,20240319,2,0.89,29.03,1.16
1362,42,20240324,1,0.31,13.86,2.21
1363,42,20240326,2,0.67,39.56,1.45
1364,42,20240327,1,0.59,133.0,2.97
1365,42,20240331,1,0.56,49.74,0.0
1366,43,20240101,1,0.35,30.66,2.36
1367,43,20240106,1,0.49,2.94,0.0
1368,43,20240110,1,0.51,17.4,0.0
1369,43,20240114,2,0.86,22.08,6.42
1370,43,20240117,1,0.55,54.34,0.0
1371,43,20240120,0,0.0,20.82,1.3
1372,43,20240121,1,0.38,23.18,2.34
1373,43,20240123,1,0.39,1.2,0.0
1374,43,20240124,1,0.3,7.53,0.0
1375,43,20240125,1,0.57,0.62,0.0
1376,43,20240203,1,0.47,65.23,3.46
1377,43,20240207,2,0.66,43.54,2.74
1378,43,20240208,1,0.43,21.97,0.0
1379,43,20240222,1,0.38,20.5,0.0
1380,43,20240224,3,1.16,19.09,0.0
1381,43,20240229,1,0.3,11.45,4.86
1382,43,20240301,1,0.59,4.72,0.0
1383,43,20240302,1,0.34,45.86,1.62
1384,43,20240303,1,0.31,6.7,0.0
1385,43,20240304,1,0.43,12.32,0.0
1386,43,20240306,1,0.56,5.67,0.0
1387,43,20240307,0,0.0,29.92,4.07
1388,43,20240308,1,0.4,65.02,0.0
1389,43,20240310,1,0.54,4.42,0.0
1390,43,20240326,1,0.54,39.43,0.0
1391,43,20240328,0,0.0,3.05,0.0
1392,43,20240331,1,0.32,35.6,4.82
1393,44,20240103,1,0.58,26.68,0.0
1394,44,20240104,0,0.0,36.91,3.67
1395,44,20240106,1,0.51,14.5,4.93
1396,44,20240109,1,0.34,62.28,0.0
1397,44,20240110,1,0.34,45.74,3.41
1398,44,20240111,1,0.43,0.04,0.0
1399,44,20240112,2,0.83,15.67,0.0
1400,44,20240114,0,0.0,25.94,0.0
1401,44,20240118,1,0.41,0.62,3.79
1402,44,20240119,2,0.88,47.36,0.0
1403,44,20240120,1,0.44,4.79,2.91
1404,44,20240123,1,0.31,31.55,0.0
1405,44,20240126,1,0.6,8.08,0.0
1406,44,20240128,0,0.0,19.89,0.0
1407,44,20240130,2,0.82,96.55,6.24
1408,44,20240202,1,0.57,82.48,0.0
1409,44,20240207,1,0.59,25.450000000000003,0.0
1410,44,20240211,1,0.4,5.88,3.52
1411,44,20240223,0,0.0,6.92,0.0
1412,44,20240225,0,0.0,2.58,0.0
1413,44,20240226,1,0.37,28.849999999999998,0.0
1414,44,20240303,1,0.56,2.88,0.0
1415,44,20240304,1,0.32,47.67,0.0
1416,44,20240308,1,0.53,24.1,3.97
1417,44,20240310,2,0.9,18.009999999999998,4.29
1418,44,20240311,1,0.58,0.8,0.0
1419,44,20240312,1,0.53,3.37,1.13
1420,44,20240314,1,0.43,4.85,1.75
1421,44,20240319,1,0.3,5.29,0.0
1422,44,20240320,1,0.58,23.2,1.75
1423,44,20240321,1,0.52,39.43,0.0
1424,44,20240323,1,0.43,19.32,0.0
1425,44,20240328,1,0.34,1.24,0.0
1426,45,20240115,1,0.44,1.87,4.33
1427,45,20240116,1,0.49,18.58,2.8
1428,45,20240117,2,0.68,51.769999999999996,1.7
1429,45,20240120,1,0.43,21.32,2.47
1430,45,20240123,2,0.77,43.14,2.22
1431,45,20240124,1,0.39,19.9,3.21
1432,45,20240125,1,0.44,24.44,0.0
1433,45,20240126,1,0.5,46.2,1.12
1434,45,20240127,1,0.52,29.28,0.0
1435,45,20240129,3,1.65,34.83,7.59
1436,45,20240131,1,0.46,10.57,0.0
1437,45,20240206,1,0.53,8.4,0.0
1438,45,20240207,0,0.0,4.49,2.22
1439,45,20240208,1,0.47,20.37,0.0
1440,45,20240209,0,0.0,18.56,3.4
1441,45,20240211,1,0.57,25.53,0.0
1442,45,20240214,0,0.0,3.91,0.0
1443,45,20240215,1,0.54,10.59,3.53
1444,45,20240217,1,0.41,46.48,0.0
1445,45,20240220,2,0.92,31.089999999999996,0.0
1446,45,20240226,0,0.0,40.92,0.0
1447,45,20240227,1,0.44,40.17,0.0
1448,45,20240229,1,0.52,30.69,1.05
1449,45,20240302,0,0.0,21.37,0.0
1450,45,20240304,1,0.4,81.53,0.0
1451,45,20240307,1,0.32,7.31,1.47
1452,45,20240309,2,0.95,47.71,0.0
1453,45,20240310,1,0.57,7.36,2.39
1454,45,20240311,1,0.44,48.22,0.0
1455,45,20240312,1,0.54,7.71,0.0
1456,45,20240315,1,0.42,41.870000000000005,3.5
1457,45,20240316,1,0.59,25.28,1.67
1458,45,20240318,0,0.0,13.18,0.0
1459,45,20240321,1,0.47,79.5,1.43
1460,45,20240322,1,0.45,14.19,3.22
1461,45,20240323,1,0.48,5.11,0.0
1462,45,20240324,1,0.53,1.22,2.38
1463,45,20240327,1,0.58,49.03,0.0
1464,45,20240328,0,0.0,44.58,0.0
1465,46,20240103,1,0.36,23.2,3.21
1466,46,20240104,1,0.53,10.97,4.16
1467,46,20240105,1,0.31,6.15,3.61
1468,46,20240111,1,0.33,17.380000000000003,3.68
1469,46,20240115,1,0.55,0.87,0.0
1470,46,20240116,2,0.71,52.49,3.15
1471,46,20240121,1,0.35,0.43,4.94
1472,46,20240122,1,0.52,11.8,2.26
1473,46,20240124,1,0.32,2.53,2.16
1474,46,20240125,1,0.45,48.01,0.0
1475,46,20240126,1,0.34,53.53,0.0
1476,46,20240204,1,0.38,65.58,2.78
1477,46,20240206,2,1.08,52.45,2.44
1478,46,20240207,1,0.31,4.77,0.0
1479,46,20240209,1,0.4,115.16,0.0
1480,46,20240210,1,0.53,2.29,0.0
1481,46,20240211,2,1.14,35.03,2.64
1482,46,20240215,0,0.0,0.59,0.0
1483,46,20240220,0,0.0,74.6,0.0
1484,46,20240222,1,0.5,5.9,3.39
1485,46,20240224,1,0.54,17.51,0.0
1486,46,20240228,2,0.86,20.55,6.66
1487,46,20240229,2,0.71,212.85999999999999,6.54
1488,46,20240306,0,0.0,71.74,3.39
1489,46,20240310,1,0.38,18.48,0.0
1490,46,20240311,1,0.55,13.59,3.33
1491,46,20240312,1,0.52,43.09,0.0
1492,46,20240317,1,0.56,42.47,0.0
1493,46,20240319,2,0.72,91.52,1.06
1494,46,20240324,0,0.0,48.02,1.81
1495,46,20240326,2,0.98,85.63999999999999,8.59
1496,47,20240101,1,0.37,44.800000000000004,2.42
1497,47,20240104,2,1.07,43.22,2.8
1498,47,20240106,1,0.4,26.37,2.25
1499,47,20240108,3,1.42,33.11,5.2
1500,47,20240110,1,0.57,14.9,3.18
1501,47,20240112,2,0.95,73.85,4.17
1502,47,20240113,1,0.54,5.15,2.87
1503,47,20240114,1,0.35,46.02,4.42
1504,47,20240115,1,0.38,10.28,0.0
1505,47,20240118,1,0.49,72.42,0.0
1506,47,20240120,1,0.37,24.31,0.0
1507,47,20240123,1,0.32,23.83,3.61
1508,47,20240124,0,0.0,27.21,1.84
1509,47,20240127,1,0.5,28.53,4.41
1510,47,20240130,2,0.96,28.64,3.9
1511,47,20240201,1,0.45,13.97,0.0
1512,47,20240208,1,0.3,0.37,0.0
1513,47,20240214,1,0.44,13.1,0.0
1514,47,20240215,1,0.53,58.0,4.55
1515,47,20240217,1,0.59,48.24,0.0
1516,47,20240219,0,0.0,15.79,3.15
1517,47,20240224,2,1.12,17.86,3.28
1518,47,20240227,1,0.48,11.07,0.0
1519,47,20240228,1,0.58,19.58,0.0
1520,47,20240302,1,0.45,4.59,0.0
1521,47,20240308,2,0.89,35.61,0.0
1522,47,20240315,3,1.79,110.13999999999999,7.21
1523,47,20240319,1,0.52,48.06,3.41
1524,47,20240320,1,0.49,5.91,0.0
1525,47,20240321,2,0.66,69.19,0.0
1526,47,20240322,1,0.38,36.9,3.9
1527,47,20240325,2,0.66,62.46,0.0
1528,47,20240327,1,0.45,94.25,0.0
1529,47,20240329,1,0.36,201.7,3.27
1530,47,20240331,1,0.34,7.91,0.0
1531,48,20240101,2,0.69,7.65,0.0
1532,48,20240103,1,0.42,1.01,0.0
1533,48,20240109,1,0.44,11.89,0.0
1534,48,20240111,1,0.43,71.37,0.0
1535,48,20240112,1,0.37,28.34,0.0
1536,48,20240113,1,0.39,3.72,0.0
1537,48,20240116,0,0.0,31.7,0.0
1538,48,20240122,0,0.0,16.88,1.0
1539,48,20240123,1,0.47,62.82,0.0
1540,48,20240124,1,0.45,29.41,0.0
1541,48,20240125,1,0.49,15.32,0.0
1542,48,20240131,0,0.0,30.51,0.0
1543,48,20240201,1,0.36,115.62,0.0
1544,48,20240203,1,0.34,3.3,2.1
1545,48,20240204,1,0.48,39.74,1.17
1546,48,20240207,1,0.46,23.38,2.46
1547,48,20240213,2,0.92,8.65,2.12
1548,48,20240222,1,0.46,35.88,0.0
1549,48,20240224,1,0.34,1.14,1.01
1550,48,20240227,1,0.55,7.58,0.0
1551,48,20240302,1,0.59,9.51,0.0
1552,48,20240306,1,0.5,57.8,1.16
1553,48,20240307,0,0.0,17.74,2.39
1554,48,20240308,1,0.46,57.12,1.85
1555,48,20240311,1,0.46,37.66,1.59
1556,48,20240316,1,0.39,5.73,1.71
1557,48,20240319,1,0.55,0.9,0.0
1558,48,20240320,1,0.3,23.53,0.0
1559,48,20240323,0,0.0,30.09,0.0
1560,48,20240324,1,0.56,51.72,0.0
1561,48,20240326,1,0.58,3.68,2.3
1562,48,20240329,1,0.5,86.22,1.96
1563,49,20240102,0,0.0,104.77,4.32
1564,49,20240105,1,0.6,18.4,0.0
1565,49,20240106,0,0.0,17.58,0.0
1566,49,20240110,0,0.0,21.98,1.5
1567,49,20240113,1,0.44,9.01,4.54
1568,49,20240116,2,0.87,6.07,0.0
1569,49,20240118,3,1.67,63.44,0.0
1570,49,20240121,1,0.5,26.26,0.0
1571,49,20240122,2,0.7,6.88,0.0
1572,49,20240124,0,0.0,27.58,0.0
1573,49,20240125,2,1.1,94.47999999999999,0.0
1574,49,20240127,0,0.0,10.92,2.62
1575,49,20240129,1,0.32,1.81,0.0
1576,49,20240130,1,0.46,126.93,0.0
1577,49,20240131,1,0.45,61.42,0.0
1578,49,20240204,1,0.56,24.66,0.0
1579,49,20240205,1,0.32,9.69,0.0
1580,49,20240206,1,0.35,0.21,3.41
1581,49,20240207,1,0.31,12.66,2.68
1582,49,20240210,0,0.0,56.59,3.89
1583,49,20240217,1,0.6,29.05,0.0
1584,49,20240219,1,0.32,14.02,0.0
1585,49,20240220,1,0.41,8.06,0.0
1586,49,20240223,1,0.31,4.91,3.06
1587,49,20240225,1,0.4,25.71,0.0
1588,49,20240226,1,0.52,17.11,0.0
1589,49,20240227,1,0.34,5.69,1.8
1590,49,20240304,1,0.33,27.32,4.92
1591,49,20240309,2,0.64,57.76,2.11
1592,49,20240311,1,0.58,27.66,2.22
1593,49,20240312,1,0.39,18.89,1.05
1594,49,20240315,1,0.59,17.46,3.35
1595,49,20240317,1,0.4,161.19,3.8
1596,49,20240322,0,0.0,1.65,0.0
1597,49,20240324,1,0.59,0.58,0.0
1598,49,20240327,1,0.56,2.91,0.0
1599,49,20240331,0,0.0,5.51,0.0
1600,50,20240102,1,0.46,84.14,0.0
1601,50,20240105,1,0.36,43.32,0.0
1602,50,20240107,1,0.3,37.82,1.45
1603,50,20240109,1,0.47,5.48,0.0
1604,50,20240110,2,1.2,42.97,1.17
1605,50,20240119,0,0.0,10.86,0.0
1606,50,20240122,0,0.0,18.15,0.0
1607,50,20240124,1,0.55,11.69,0.0
1608,50,20240128,2,0.61,214.91,5.11
1609,50,20240131,1,0.41,1.36,1.55
1610,50,20240201,1,0.33,7.93,0.0
1611,50,20240202,1,0.54,44.74,0.0
1612,50,20240205,1,0.38,0.11,4.89
1613,50,20240208,0,0.0,8.95,2.57
1614,50,20240211,0,0.0,16.21,4.38
1615,50,20240212,0,0.0,26.9,0.0
1616,50,20240219,1,0.33,79.76,0.0
1617,50,20240226,1,0.55,0.44,1.83
1618,50,20240228,2,0.93,47.18,2.99
1619,50,20240303,2,0.69,22.560000000000002,4.59
1620,50,20240312,1,0.52,5.86,0.0
1621,50,20240318,0,0.0,25.78,0.0
1622,50,20240320,1,0.36,23.26,4.15
1623,50,20240321,1,0.47,29.939999999999998,6.38
1624,50,20240324,1,0.57,10.08,1.02
1625,50,20240327,1,0.55,29.4,0.0
1626,50,20240331,1,0.51,20.52,4.29
